file,line,type,commit,author,date,time,timezone,datetime,depth,length
style.css,1,css,ed3d583d,dallasplunkett,2025-01-16,19:54:56,-08:00,2025-01-16T19:54:56-08:00,0,11
style.css,2,css,ed3d583d,dallasplunkett,2025-01-16,19:54:56,-08:00,2025-01-16T19:54:56-08:00,0,0
style.css,3,css,ed3d583d,dallasplunkett,2025-01-16,19:54:56,-08:00,2025-01-16T19:54:56-08:00,0,3
style.css,4,css,ed3d583d,dallasplunkett,2025-01-16,19:54:56,-08:00,2025-01-16T19:54:56-08:00,1,18
style.css,5,css,ed3d583d,dallasplunkett,2025-01-16,19:54:56,-08:00,2025-01-16T19:54:56-08:00,1,12
style.css,6,css,ed3d583d,dallasplunkett,2025-01-16,19:54:56,-08:00,2025-01-16T19:54:56-08:00,1,17
style.css,7,css,ed3d583d,dallasplunkett,2025-01-16,19:54:56,-08:00,2025-01-16T19:54:56-08:00,1,10
style.css,8,css,ed3d583d,dallasplunkett,2025-01-16,19:54:56,-08:00,2025-01-16T19:54:56-08:00,1,17
style.css,9,css,ed3d583d,dallasplunkett,2025-01-16,19:54:56,-08:00,2025-01-16T19:54:56-08:00,1,18
style.css,10,css,ed3d583d,dallasplunkett,2025-01-16,19:54:56,-08:00,2025-01-16T19:54:56-08:00,0,0
style.css,11,css,ed3d583d,dallasplunkett,2025-01-16,19:54:56,-08:00,2025-01-16T19:54:56-08:00,1,17
style.css,12,css,ed3d583d,dallasplunkett,2025-01-16,19:54:56,-08:00,2025-01-16T19:54:56-08:00,1,9
style.css,13,css,ed3d583d,dallasplunkett,2025-01-16,19:54:56,-08:00,2025-01-16T19:54:56-08:00,1,15
style.css,14,css,ed3d583d,dallasplunkett,2025-01-16,19:54:56,-08:00,2025-01-16T19:54:56-08:00,0,0
style.css,15,css,ed3d583d,dallasplunkett,2025-01-16,19:54:56,-08:00,2025-01-16T19:54:56-08:00,1,10
style.css,16,css,ed3d583d,dallasplunkett,2025-01-16,19:54:56,-08:00,2025-01-16T19:54:56-08:00,0,0
style.css,17,css,ed3d583d,dallasplunkett,2025-01-16,19:54:56,-08:00,2025-01-16T19:54:56-08:00,0,0
style.css,18,css,ed3d583d,dallasplunkett,2025-01-16,19:54:56,-08:00,2025-01-16T19:54:56-08:00,0,0
style.css,19,css,66337f75,dallasplunkett,2025-01-15,22:25:13,-08:00,2025-01-15T22:25:13-08:00,0,7
style.css,20,css,ed3d583d,dallasplunkett,2025-01-16,19:54:56,-08:00,2025-01-16T19:54:56-08:00,0,0
style.css,21,css,66337f75,dallasplunkett,2025-01-15,22:25:13,-08:00,2025-01-15T22:25:13-08:00,0,0
style.css,22,css,66337f75,dallasplunkett,2025-01-15,22:25:13,-08:00,2025-01-15T22:25:13-08:00,0,6
style.css,23,css,66337f75,dallasplunkett,2025-01-15,22:25:13,-08:00,2025-01-15T22:25:13-08:00,0,6
style.css,24,css,66337f75,dallasplunkett,2025-01-15,22:25:13,-08:00,2025-01-15T22:25:13-08:00,1,19
style.css,25,css,66337f75,dallasplunkett,2025-01-15,22:25:13,-08:00,2025-01-15T22:25:13-08:00,0,0
style.css,26,css,66337f75,dallasplunkett,2025-01-15,22:25:13,-08:00,2025-01-15T22:25:13-08:00,0,0
style.css,27,css,fdf930dd,dallasplunkett,2025-01-10,10:46:49,-08:00,2025-01-10T10:46:49-08:00,0,2
style.css,28,css,66337f75,dallasplunkett,2025-01-15,22:25:13,-08:00,2025-01-15T22:25:13-08:00,1,6
style.css,29,css,66337f75,dallasplunkett,2025-01-15,22:25:13,-08:00,2025-01-15T22:25:13-08:00,1,7
style.css,30,css,ed3d583d,dallasplunkett,2025-01-16,19:54:56,-08:00,2025-01-16T19:54:56-08:00,1,35
style.css,31,css,66337f75,dallasplunkett,2025-01-15,22:25:13,-08:00,2025-01-15T22:25:13-08:00,1,10
style.css,32,css,66337f75,dallasplunkett,2025-01-15,22:25:13,-08:00,2025-01-15T22:25:13-08:00,1,20
style.css,33,css,66337f75,dallasplunkett,2025-01-15,22:25:13,-08:00,2025-01-15T22:25:13-08:00,0,0
style.css,34,css,66337f75,dallasplunkett,2025-01-15,22:25:13,-08:00,2025-01-15T22:25:13-08:00,0,0
style.css,35,css,66337f75,dallasplunkett,2025-01-15,22:25:13,-08:00,2025-01-15T22:25:13-08:00,0,11
style.css,36,css,66337f75,dallasplunkett,2025-01-15,22:25:13,-08:00,2025-01-15T22:25:13-08:00,0,0
style.css,37,css,66337f75,dallasplunkett,2025-01-15,22:25:13,-08:00,2025-01-15T22:25:13-08:00,0,8
style.css,38,css,66337f75,dallasplunkett,2025-01-15,22:25:13,-08:00,2025-01-15T22:25:13-08:00,1,12
style.css,39,css,66337f75,dallasplunkett,2025-01-15,22:25:13,-08:00,2025-01-15T22:25:13-08:00,1,8
style.css,40,css,ed3d583d,dallasplunkett,2025-01-16,19:54:56,-08:00,2025-01-16T19:54:56-08:00,1,18
style.css,41,css,66337f75,dallasplunkett,2025-01-15,22:25:13,-08:00,2025-01-15T22:25:13-08:00,0,0
style.css,42,css,66337f75,dallasplunkett,2025-01-15,22:25:13,-08:00,2025-01-15T22:25:13-08:00,0,0
style.css,43,css,66337f75,dallasplunkett,2025-01-15,22:25:13,-08:00,2025-01-15T22:25:13-08:00,0,12
style.css,44,css,66337f75,dallasplunkett,2025-01-15,22:25:13,-08:00,2025-01-15T22:25:13-08:00,0,0
style.css,45,css,ed3d583d,dallasplunkett,2025-01-16,19:54:56,-08:00,2025-01-16T19:54:56-08:00,0,0
style.css,46,css,ed3d583d,dallasplunkett,2025-01-16,19:54:56,-08:00,2025-01-16T19:54:56-08:00,1,15
style.css,47,css,ed3d583d,dallasplunkett,2025-01-16,19:54:56,-08:00,2025-01-16T19:54:56-08:00,0,0
style.css,48,css,ed3d583d,dallasplunkett,2025-01-16,19:54:56,-08:00,2025-01-16T19:54:56-08:00,0,0
style.css,49,css,ed3d583d,dallasplunkett,2025-01-16,19:54:56,-08:00,2025-01-16T19:54:56-08:00,0,5
style.css,50,css,ed3d583d,dallasplunkett,2025-01-16,19:54:56,-08:00,2025-01-16T19:54:56-08:00,1,20
style.css,51,css,ed3d583d,dallasplunkett,2025-01-16,19:54:56,-08:00,2025-01-16T19:54:56-08:00,0,0
style.css,52,css,ed3d583d,dallasplunkett,2025-01-16,19:54:56,-08:00,2025-01-16T19:54:56-08:00,0,0
style.css,53,css,66337f75,dallasplunkett,2025-01-15,22:25:13,-08:00,2025-01-15T22:25:13-08:00,0,1
style.css,54,css,66337f75,dallasplunkett,2025-01-15,22:25:13,-08:00,2025-01-15T22:25:13-08:00,1,8
style.css,55,css,66337f75,dallasplunkett,2025-01-15,22:25:13,-08:00,2025-01-15T22:25:13-08:00,1,10
style.css,56,css,66337f75,dallasplunkett,2025-01-15,22:25:13,-08:00,2025-01-15T22:25:13-08:00,1,26
style.css,57,css,66337f75,dallasplunkett,2025-01-15,22:25:13,-08:00,2025-01-15T22:25:13-08:00,1,16
style.css,58,css,ed3d583d,dallasplunkett,2025-01-16,19:54:56,-08:00,2025-01-16T19:54:56-08:00,1,39
style.css,59,css,66337f75,dallasplunkett,2025-01-15,22:25:13,-08:00,2025-01-15T22:25:13-08:00,0,0
style.css,60,css,66337f75,dallasplunkett,2025-01-15,22:25:13,-08:00,2025-01-15T22:25:13-08:00,0,0
style.css,61,css,ed3d583d,dallasplunkett,2025-01-16,19:54:56,-08:00,2025-01-16T19:54:56-08:00,0,3
style.css,62,css,66337f75,dallasplunkett,2025-01-15,22:25:13,-08:00,2025-01-15T22:25:13-08:00,1,8
style.css,63,css,ed3d583d,dallasplunkett,2025-01-16,19:54:56,-08:00,2025-01-16T19:54:56-08:00,1,24
style.css,64,css,66337f75,dallasplunkett,2025-01-15,22:25:13,-08:00,2025-01-15T22:25:13-08:00,1,18
style.css,65,css,66337f75,dallasplunkett,2025-01-15,22:25:13,-08:00,2025-01-15T22:25:13-08:00,1,11
style.css,66,css,66337f75,dallasplunkett,2025-01-15,22:25:13,-08:00,2025-01-15T22:25:13-08:00,1,15
style.css,67,css,33610443,dallasplunkett,2025-01-22,12:16:09,-08:00,2025-01-22T12:16:09-08:00,1,56
style.css,68,css,66337f75,dallasplunkett,2025-01-15,22:25:13,-08:00,2025-01-15T22:25:13-08:00,0,0
style.css,69,css,66337f75,dallasplunkett,2025-01-15,22:25:13,-08:00,2025-01-15T22:25:13-08:00,0,0
style.css,70,css,ed3d583d,dallasplunkett,2025-01-16,19:54:56,-08:00,2025-01-16T19:54:56-08:00,0,9
style.css,71,css,ed3d583d,dallasplunkett,2025-01-16,19:54:56,-08:00,2025-01-16T19:54:56-08:00,1,26
style.css,72,css,ed3d583d,dallasplunkett,2025-01-16,19:54:56,-08:00,2025-01-16T19:54:56-08:00,1,48
style.css,73,css,33610443,dallasplunkett,2025-01-22,12:16:09,-08:00,2025-01-22T12:16:09-08:00,1,13
style.css,74,css,66337f75,dallasplunkett,2025-01-15,22:25:13,-08:00,2025-01-15T22:25:13-08:00,0,0
style.css,75,css,66337f75,dallasplunkett,2025-01-15,22:25:13,-08:00,2025-01-15T22:25:13-08:00,0,0
style.css,76,css,aa5afdb5,dallasplunkett,2025-01-22,10:38:32,-08:00,2025-01-22T10:38:32-08:00,0,10
style.css,77,css,ed3d583d,dallasplunkett,2025-01-16,19:54:56,-08:00,2025-01-16T19:54:56-08:00,1,54
style.css,78,css,ed3d583d,dallasplunkett,2025-01-16,19:54:56,-08:00,2025-01-16T19:54:56-08:00,1,13
style.css,79,css,66337f75,dallasplunkett,2025-01-15,22:25:13,-08:00,2025-01-15T22:25:13-08:00,0,0
style.css,80,css,66337f75,dallasplunkett,2025-01-15,22:25:13,-08:00,2025-01-15T22:25:13-08:00,0,0
style.css,81,css,66337f75,dallasplunkett,2025-01-15,22:25:13,-08:00,2025-01-15T22:25:13-08:00,0,9
style.css,82,css,66337f75,dallasplunkett,2025-01-15,22:25:13,-08:00,2025-01-15T22:25:13-08:00,0,0
style.css,83,css,66337f75,dallasplunkett,2025-01-15,22:25:13,-08:00,2025-01-15T22:25:13-08:00,0,2
style.css,84,css,66337f75,dallasplunkett,2025-01-15,22:25:13,-08:00,2025-01-15T22:25:13-08:00,1,10
style.css,85,css,ed3d583d,dallasplunkett,2025-01-16,19:54:56,-08:00,2025-01-16T19:54:56-08:00,1,18
style.css,86,css,66337f75,dallasplunkett,2025-01-15,22:25:13,-08:00,2025-01-15T22:25:13-08:00,1,10
style.css,87,css,66337f75,dallasplunkett,2025-01-15,22:25:13,-08:00,2025-01-15T22:25:13-08:00,0,0
style.css,88,css,66337f75,dallasplunkett,2025-01-15,22:25:13,-08:00,2025-01-15T22:25:13-08:00,0,0
style.css,89,css,66337f75,dallasplunkett,2025-01-15,22:25:13,-08:00,2025-01-15T22:25:13-08:00,0,3
style.css,90,css,66337f75,dallasplunkett,2025-01-15,22:25:13,-08:00,2025-01-15T22:25:13-08:00,1,10
style.css,91,css,66337f75,dallasplunkett,2025-01-15,22:25:13,-08:00,2025-01-15T22:25:13-08:00,1,27
style.css,92,css,66337f75,dallasplunkett,2025-01-15,22:25:13,-08:00,2025-01-15T22:25:13-08:00,0,0
style.css,93,css,66337f75,dallasplunkett,2025-01-15,22:25:13,-08:00,2025-01-15T22:25:13-08:00,0,0
style.css,94,css,66337f75,dallasplunkett,2025-01-15,22:25:13,-08:00,2025-01-15T22:25:13-08:00,0,2
style.css,95,css,66337f75,dallasplunkett,2025-01-15,22:25:13,-08:00,2025-01-15T22:25:13-08:00,0,6
style.css,96,css,66337f75,dallasplunkett,2025-01-15,22:25:13,-08:00,2025-01-15T22:25:13-08:00,1,8
style.css,97,css,ed3d583d,dallasplunkett,2025-01-16,19:54:56,-08:00,2025-01-16T19:54:56-08:00,1,24
style.css,98,css,66337f75,dallasplunkett,2025-01-15,22:25:13,-08:00,2025-01-15T22:25:13-08:00,1,10
style.css,99,css,ed3d583d,dallasplunkett,2025-01-16,19:54:56,-08:00,2025-01-16T19:54:56-08:00,1,32
style.css,100,css,ed3d583d,dallasplunkett,2025-01-16,19:54:56,-08:00,2025-01-16T19:54:56-08:00,1,25
style.css,101,css,66337f75,dallasplunkett,2025-01-15,22:25:13,-08:00,2025-01-15T22:25:13-08:00,0,0
style.css,102,css,66337f75,dallasplunkett,2025-01-15,22:25:13,-08:00,2025-01-15T22:25:13-08:00,0,0
style.css,103,css,66337f75,dallasplunkett,2025-01-15,22:25:13,-08:00,2025-01-15T22:25:13-08:00,0,4
style.css,104,css,ed3d583d,dallasplunkett,2025-01-16,19:54:56,-08:00,2025-01-16T19:54:56-08:00,1,41
style.css,105,css,66337f75,dallasplunkett,2025-01-15,22:25:13,-08:00,2025-01-15T22:25:13-08:00,1,10
style.css,106,css,ed3d583d,dallasplunkett,2025-01-16,19:54:56,-08:00,2025-01-16T19:54:56-08:00,1,26
style.css,107,css,66337f75,dallasplunkett,2025-01-15,22:25:13,-08:00,2025-01-15T22:25:13-08:00,1,9
style.css,108,css,66337f75,dallasplunkett,2025-01-15,22:25:13,-08:00,2025-01-15T22:25:13-08:00,1,9
style.css,109,css,ed3d583d,dallasplunkett,2025-01-16,19:54:56,-08:00,2025-01-16T19:54:56-08:00,1,25
style.css,110,css,66337f75,dallasplunkett,2025-01-15,22:25:13,-08:00,2025-01-15T22:25:13-08:00,1,12
style.css,111,css,ed3d583d,dallasplunkett,2025-01-16,19:54:56,-08:00,2025-01-16T19:54:56-08:00,0,0
style.css,112,css,ed3d583d,dallasplunkett,2025-01-16,19:54:56,-08:00,2025-01-16T19:54:56-08:00,1,50
style.css,113,css,ed3d583d,dallasplunkett,2025-01-16,19:54:56,-08:00,2025-01-16T19:54:56-08:00,0,0
style.css,114,css,ed3d583d,dallasplunkett,2025-01-16,19:54:56,-08:00,2025-01-16T19:54:56-08:00,0,0
style.css,115,css,ed3d583d,dallasplunkett,2025-01-16,19:54:56,-08:00,2025-01-16T19:54:56-08:00,0,10
style.css,116,css,ed3d583d,dallasplunkett,2025-01-16,19:54:56,-08:00,2025-01-16T19:54:56-08:00,1,31
style.css,117,css,66337f75,dallasplunkett,2025-01-15,22:25:13,-08:00,2025-01-15T22:25:13-08:00,0,0
style.css,118,css,66337f75,dallasplunkett,2025-01-15,22:25:13,-08:00,2025-01-15T22:25:13-08:00,0,0
style.css,119,css,66337f75,dallasplunkett,2025-01-15,22:25:13,-08:00,2025-01-15T22:25:13-08:00,0,10
style.css,120,css,66337f75,dallasplunkett,2025-01-15,22:25:13,-08:00,2025-01-15T22:25:13-08:00,0,0
style.css,121,css,66337f75,dallasplunkett,2025-01-15,22:25:13,-08:00,2025-01-15T22:25:13-08:00,0,7
style.css,122,css,66337f75,dallasplunkett,2025-01-15,22:25:13,-08:00,2025-01-15T22:25:13-08:00,1,10
style.css,123,css,66337f75,dallasplunkett,2025-01-15,22:25:13,-08:00,2025-01-15T22:25:13-08:00,1,56
style.css,124,css,ed3d583d,dallasplunkett,2025-01-16,19:54:56,-08:00,2025-01-16T19:54:56-08:00,1,14
style.css,125,css,66337f75,dallasplunkett,2025-01-15,22:25:13,-08:00,2025-01-15T22:25:13-08:00,0,0
style.css,126,css,66337f75,dallasplunkett,2025-01-15,22:25:13,-08:00,2025-01-15T22:25:13-08:00,0,0
style.css,127,css,66337f75,dallasplunkett,2025-01-15,22:25:13,-08:00,2025-01-15T22:25:13-08:00,0,15
style.css,128,css,66337f75,dallasplunkett,2025-01-15,22:25:13,-08:00,2025-01-15T22:25:13-08:00,1,10
style.css,129,css,66337f75,dallasplunkett,2025-01-15,22:25:13,-08:00,2025-01-15T22:25:13-08:00,1,24
style.css,130,css,66337f75,dallasplunkett,2025-01-15,22:25:13,-08:00,2025-01-15T22:25:13-08:00,1,13
style.css,131,css,ed3d583d,dallasplunkett,2025-01-16,19:54:56,-08:00,2025-01-16T19:54:56-08:00,1,14
style.css,132,css,66337f75,dallasplunkett,2025-01-15,22:25:13,-08:00,2025-01-15T22:25:13-08:00,0,0
style.css,133,css,66337f75,dallasplunkett,2025-01-15,22:25:13,-08:00,2025-01-15T22:25:13-08:00,0,0
style.css,134,css,b3528943,dallasplunkett,2025-02-07,09:17:45,-08:00,2025-02-07T09:17:45-08:00,0,22
style.css,135,css,b3528943,dallasplunkett,2025-02-07,09:17:45,-08:00,2025-02-07T09:17:45-08:00,1,17
style.css,136,css,b3528943,dallasplunkett,2025-02-07,09:17:45,-08:00,2025-02-07T09:17:45-08:00,0,0
style.css,137,css,b3528943,dallasplunkett,2025-02-07,09:17:45,-08:00,2025-02-07T09:17:45-08:00,0,0
style.css,138,css,22b85a66,dallasplunkett,2025-02-07,10:45:47,-08:00,2025-02-07T10:45:47-08:00,0,11
style.css,139,css,22b85a66,dallasplunkett,2025-02-07,10:45:47,-08:00,2025-02-07T10:45:47-08:00,0,0
style.css,140,css,22b85a66,dallasplunkett,2025-02-07,10:45:47,-08:00,2025-02-07T10:45:47-08:00,0,8
style.css,141,css,22b85a66,dallasplunkett,2025-02-07,10:45:47,-08:00,2025-02-07T10:45:47-08:00,1,10
style.css,142,css,22b85a66,dallasplunkett,2025-02-07,10:45:47,-08:00,2025-02-07T10:45:47-08:00,1,16
style.css,143,css,22b85a66,dallasplunkett,2025-02-07,10:45:47,-08:00,2025-02-07T10:45:47-08:00,1,18
style.css,144,css,22b85a66,dallasplunkett,2025-02-07,10:45:47,-08:00,2025-02-07T10:45:47-08:00,0,0
style.css,145,css,22b85a66,dallasplunkett,2025-02-07,10:45:47,-08:00,2025-02-07T10:45:47-08:00,0,0
style.css,146,css,1a554916,dallasplunkett,2025-02-07,09:44:49,-08:00,2025-02-07T09:44:49-08:00,0,16
style.css,147,css,1a554916,dallasplunkett,2025-02-07,09:44:49,-08:00,2025-02-07T09:44:49-08:00,1,12
style.css,148,css,22b85a66,dallasplunkett,2025-02-07,10:45:47,-08:00,2025-02-07T10:45:47-08:00,0,0
style.css,149,css,22b85a66,dallasplunkett,2025-02-07,10:45:47,-08:00,2025-02-07T10:45:47-08:00,0,0
style.css,150,css,22b85a66,dallasplunkett,2025-02-07,10:45:47,-08:00,2025-02-07T10:45:47-08:00,0,5
style.css,151,css,22b85a66,dallasplunkett,2025-02-07,10:45:47,-08:00,2025-02-07T10:45:47-08:00,1,10
style.css,152,css,22b85a66,dallasplunkett,2025-02-07,10:45:47,-08:00,2025-02-07T10:45:47-08:00,1,55
style.css,153,css,22b85a66,dallasplunkett,2025-02-07,10:45:47,-08:00,2025-02-07T10:45:47-08:00,1,5
style.css,154,css,c9f552e5,dallasplunkett,2025-02-07,14:18:30,-08:00,2025-02-07T14:18:30-08:00,1,32
style.css,155,css,22b85a66,dallasplunkett,2025-02-07,10:45:47,-08:00,2025-02-07T10:45:47-08:00,1,25
style.css,156,css,22b85a66,dallasplunkett,2025-02-07,10:45:47,-08:00,2025-02-07T10:45:47-08:00,1,6
style.css,157,css,22b85a66,dallasplunkett,2025-02-07,10:45:47,-08:00,2025-02-07T10:45:47-08:00,1,9
style.css,158,css,22b85a66,dallasplunkett,2025-02-07,10:45:47,-08:00,2025-02-07T10:45:47-08:00,1,4
style.css,159,css,22b85a66,dallasplunkett,2025-02-07,10:45:47,-08:00,2025-02-07T10:45:47-08:00,0,0
style.css,160,css,22b85a66,dallasplunkett,2025-02-07,10:45:47,-08:00,2025-02-07T10:45:47-08:00,0,0
style.css,161,css,22b85a66,dallasplunkett,2025-02-07,10:45:47,-08:00,2025-02-07T10:45:47-08:00,0,8
style.css,162,css,22b85a66,dallasplunkett,2025-02-07,10:45:47,-08:00,2025-02-07T10:45:47-08:00,1,13
style.css,163,css,22b85a66,dallasplunkett,2025-02-07,10:45:47,-08:00,2025-02-07T10:45:47-08:00,1,16
style.css,164,css,22b85a66,dallasplunkett,2025-02-07,10:45:47,-08:00,2025-02-07T10:45:47-08:00,0,0
style.css,165,css,22b85a66,dallasplunkett,2025-02-07,10:45:47,-08:00,2025-02-07T10:45:47-08:00,0,0
style.css,166,css,22b85a66,dallasplunkett,2025-02-07,10:45:47,-08:00,2025-02-07T10:45:47-08:00,0,5
style.css,167,css,22b85a66,dallasplunkett,2025-02-07,10:45:47,-08:00,2025-02-07T10:45:47-08:00,1,18
style.css,168,css,22b85a66,dallasplunkett,2025-02-07,10:45:47,-08:00,2025-02-07T10:45:47-08:00,1,7
style.css,169,css,22b85a66,dallasplunkett,2025-02-07,10:45:47,-08:00,2025-02-07T10:45:47-08:00,1,8
style.css,170,css,22b85a66,dallasplunkett,2025-02-07,10:45:47,-08:00,2025-02-07T10:45:47-08:00,1,16
style.css,171,css,1a554916,dallasplunkett,2025-02-07,09:44:49,-08:00,2025-02-07T09:44:49-08:00,0,0
style.css,172,css,1a554916,dallasplunkett,2025-02-07,09:44:49,-08:00,2025-02-07T09:44:49-08:00,0,0
style.css,173,css,c9f552e5,dallasplunkett,2025-02-07,14:18:30,-08:00,2025-02-07T14:18:30-08:00,0,15
style.css,174,css,c9f552e5,dallasplunkett,2025-02-07,14:18:30,-08:00,2025-02-07T14:18:30-08:00,1,14
style.css,175,css,c9f552e5,dallasplunkett,2025-02-07,14:18:30,-08:00,2025-02-07T14:18:30-08:00,2,9
style.css,176,css,c9f552e5,dallasplunkett,2025-02-07,14:18:30,-08:00,2025-02-07T14:18:30-08:00,1,0
style.css,177,css,c9f552e5,dallasplunkett,2025-02-07,14:18:30,-08:00,2025-02-07T14:18:30-08:00,0,0
style.css,178,css,c9f552e5,dallasplunkett,2025-02-07,14:18:30,-08:00,2025-02-07T14:18:30-08:00,0,0
style.css,179,css,c9f552e5,dallasplunkett,2025-02-07,14:18:30,-08:00,2025-02-07T14:18:30-08:00,0,2
style.css,180,css,c9f552e5,dallasplunkett,2025-02-07,14:18:30,-08:00,2025-02-07T14:18:30-08:00,1,14
style.css,181,css,c9f552e5,dallasplunkett,2025-02-07,14:18:30,-08:00,2025-02-07T14:18:30-08:00,1,12
style.css,182,css,c9f552e5,dallasplunkett,2025-02-07,14:18:30,-08:00,2025-02-07T14:18:30-08:00,0,0
style.css,183,css,c9f552e5,dallasplunkett,2025-02-07,14:18:30,-08:00,2025-02-07T14:18:30-08:00,0,0
style.css,184,css,c9f552e5,dallasplunkett,2025-02-07,14:18:30,-08:00,2025-02-07T14:18:30-08:00,0,11
style.css,185,css,c9f552e5,dallasplunkett,2025-02-07,14:18:30,-08:00,2025-02-07T14:18:30-08:00,1,30
style.css,186,css,c9f552e5,dallasplunkett,2025-02-07,14:18:30,-08:00,2025-02-07T14:18:30-08:00,0,0
style.css,187,css,c9f552e5,dallasplunkett,2025-02-07,14:18:30,-08:00,2025-02-07T14:18:30-08:00,0,0
style.css,188,css,c9f552e5,dallasplunkett,2025-02-07,14:18:30,-08:00,2025-02-07T14:18:30-08:00,0,25
style.css,189,css,c9f552e5,dallasplunkett,2025-02-07,14:18:30,-08:00,2025-02-07T14:18:30-08:00,1,42
style.css,190,css,c9f552e5,dallasplunkett,2025-02-07,14:18:30,-08:00,2025-02-07T14:18:30-08:00,0,0
style.css,191,css,c9f552e5,dallasplunkett,2025-02-07,14:18:30,-08:00,2025-02-07T14:18:30-08:00,0,0
style.css,192,css,e3866b9e,dallasplunkett,2025-02-07,11:27:54,-08:00,2025-02-07T11:27:54-08:00,0,12
style.css,193,css,e3866b9e,dallasplunkett,2025-02-07,11:27:54,-08:00,2025-02-07T11:27:54-08:00,0,0
style.css,194,css,e3866b9e,dallasplunkett,2025-02-07,11:27:54,-08:00,2025-02-07T11:27:54-08:00,0,8
style.css,195,css,e3866b9e,dallasplunkett,2025-02-07,11:27:54,-08:00,2025-02-07T11:27:54-08:00,1,12
style.css,196,css,e3866b9e,dallasplunkett,2025-02-07,11:27:54,-08:00,2025-02-07T11:27:54-08:00,0,0
style.css,197,css,e3866b9e,dallasplunkett,2025-02-07,11:27:54,-08:00,2025-02-07T11:27:54-08:00,0,0
style.css,198,css,ed3d583d,dallasplunkett,2025-01-16,19:54:56,-08:00,2025-01-16T19:54:56-08:00,0,4
style.css,199,css,ed3d583d,dallasplunkett,2025-01-16,19:54:56,-08:00,2025-01-16T19:54:56-08:00,0,0
style.css,200,css,ed3d583d,dallasplunkett,2025-01-16,19:54:56,-08:00,2025-01-16T19:54:56-08:00,0,1
style.css,201,css,ed3d583d,dallasplunkett,2025-01-16,19:54:56,-08:00,2025-01-16T19:54:56-08:00,1,10
style.css,202,css,ed3d583d,dallasplunkett,2025-01-16,19:54:56,-08:00,2025-01-16T19:54:56-08:00,1,12
style.css,203,css,ed3d583d,dallasplunkett,2025-01-16,19:54:56,-08:00,2025-01-16T19:54:56-08:00,1,18
style.css,204,css,ed3d583d,dallasplunkett,2025-01-16,19:54:56,-08:00,2025-01-16T19:54:56-08:00,0,0
style.css,205,css,ed3d583d,dallasplunkett,2025-01-16,19:54:56,-08:00,2025-01-16T19:54:56-08:00,0,0
style.css,206,css,ed3d583d,dallasplunkett,2025-01-16,19:54:56,-08:00,2025-01-16T19:54:56-08:00,0,2
style.css,207,css,ed3d583d,dallasplunkett,2025-01-16,19:54:56,-08:00,2025-01-16T19:54:56-08:00,0,4
style.css,208,css,ed3d583d,dallasplunkett,2025-01-16,19:54:56,-08:00,2025-01-16T19:54:56-08:00,1,11
style.css,209,css,ed3d583d,dallasplunkett,2025-01-16,19:54:56,-08:00,2025-01-16T19:54:56-08:00,0,0
style.css,210,css,ed3d583d,dallasplunkett,2025-01-16,19:54:56,-08:00,2025-01-16T19:54:56-08:00,0,0
style.css,211,css,ed3d583d,dallasplunkett,2025-01-16,19:54:56,-08:00,2025-01-16T19:54:56-08:00,0,23
style.css,212,css,ed3d583d,dallasplunkett,2025-01-16,19:54:56,-08:00,2025-01-16T19:54:56-08:00,1,3
style.css,213,css,ed3d583d,dallasplunkett,2025-01-16,19:54:56,-08:00,2025-01-16T19:54:56-08:00,2,8
style.css,214,css,ed3d583d,dallasplunkett,2025-01-16,19:54:56,-08:00,2025-01-16T19:54:56-08:00,1,0
style.css,215,css,ed3d583d,dallasplunkett,2025-01-16,19:54:56,-08:00,2025-01-16T19:54:56-08:00,0,0
style.css,216,css,ed3d583d,dallasplunkett,2025-01-16,19:54:56,-08:00,2025-01-16T19:54:56-08:00,1,4
style.css,217,css,ed3d583d,dallasplunkett,2025-01-16,19:54:56,-08:00,2025-01-16T19:54:56-08:00,2,8
style.css,218,css,ed3d583d,dallasplunkett,2025-01-16,19:54:56,-08:00,2025-01-16T19:54:56-08:00,1,0
style.css,219,css,ed3d583d,dallasplunkett,2025-01-16,19:54:56,-08:00,2025-01-16T19:54:56-08:00,0,0
style.css,220,css,ed3d583d,dallasplunkett,2025-01-16,19:54:56,-08:00,2025-01-16T19:54:56-08:00,0,0
style.css,221,css,39933b3e,dallasplunkett,2025-01-30,16:31:17,-08:00,2025-01-30T16:31:17-08:00,0,0
style.css,222,css,39933b3e,dallasplunkett,2025-01-30,16:31:17,-08:00,2025-01-30T16:31:17-08:00,1,17
style.css,223,css,39933b3e,dallasplunkett,2025-01-30,16:31:17,-08:00,2025-01-30T16:31:17-08:00,0,0
style.css,224,css,39933b3e,dallasplunkett,2025-01-30,16:31:17,-08:00,2025-01-30T16:31:17-08:00,0,0
style.css,225,css,39933b3e,dallasplunkett,2025-01-30,16:31:17,-08:00,2025-01-30T16:31:17-08:00,0,7
style.css,226,css,ed3d583d,dallasplunkett,2025-01-16,19:54:56,-08:00,2025-01-16T19:54:56-08:00,0,0
style.css,227,css,ed3d583d,dallasplunkett,2025-01-16,19:54:56,-08:00,2025-01-16T19:54:56-08:00,0,1
style.css,228,css,ed3d583d,dallasplunkett,2025-01-16,19:54:56,-08:00,2025-01-16T19:54:56-08:00,1,25
style.css,229,css,ed3d583d,dallasplunkett,2025-01-16,19:54:56,-08:00,2025-01-16T19:54:56-08:00,0,0
style.css,230,css,ed3d583d,dallasplunkett,2025-01-16,19:54:56,-08:00,2025-01-16T19:54:56-08:00,0,0
style.css,231,css,39933b3e,dallasplunkett,2025-01-30,16:31:17,-08:00,2025-01-30T16:31:17-08:00,0,12
style.css,232,css,39933b3e,dallasplunkett,2025-01-30,16:31:17,-08:00,2025-01-30T16:31:17-08:00,0,0
style.css,233,css,ed3d583d,dallasplunkett,2025-01-16,19:54:56,-08:00,2025-01-16T19:54:56-08:00,0,0
style.css,234,css,ed3d583d,dallasplunkett,2025-01-16,19:54:56,-08:00,2025-01-16T19:54:56-08:00,1,11
style.css,235,css,ed3d583d,dallasplunkett,2025-01-16,19:54:56,-08:00,2025-01-16T19:54:56-08:00,0,0
style.css,236,css,ed3d583d,dallasplunkett,2025-01-16,19:54:56,-08:00,2025-01-16T19:54:56-08:00,0,0
style.css,237,css,ed3d583d,dallasplunkett,2025-01-16,19:54:56,-08:00,2025-01-16T19:54:56-08:00,0,0
style.css,238,css,ed3d583d,dallasplunkett,2025-01-16,19:54:56,-08:00,2025-01-16T19:54:56-08:00,1,11
style.css,239,css,ed3d583d,dallasplunkett,2025-01-16,19:54:56,-08:00,2025-01-16T19:54:56-08:00,0,0
style.css,240,css,ed3d583d,dallasplunkett,2025-01-16,19:54:56,-08:00,2025-01-16T19:54:56-08:00,0,0
style.css,241,css,ed3d583d,dallasplunkett,2025-01-16,19:54:56,-08:00,2025-01-16T19:54:56-08:00,0,0
style.css,242,css,ed3d583d,dallasplunkett,2025-01-16,19:54:56,-08:00,2025-01-16T19:54:56-08:00,1,13
style.css,243,css,ed3d583d,dallasplunkett,2025-01-16,19:54:56,-08:00,2025-01-16T19:54:56-08:00,0,0
style.css,244,css,ed3d583d,dallasplunkett,2025-01-16,19:54:56,-08:00,2025-01-16T19:54:56-08:00,0,0
style.css,245,css,ed3d583d,dallasplunkett,2025-01-16,19:54:56,-08:00,2025-01-16T19:54:56-08:00,0,0
style.css,246,css,ed3d583d,dallasplunkett,2025-01-16,19:54:56,-08:00,2025-01-16T19:54:56-08:00,1,11
style.css,247,css,33610443,dallasplunkett,2025-01-22,12:16:09,-08:00,2025-01-22T12:16:09-08:00,0,0
style.css,248,css,33610443,dallasplunkett,2025-01-22,12:16:09,-08:00,2025-01-22T12:16:09-08:00,0,0
style.css,249,css,33610443,dallasplunkett,2025-01-22,12:16:09,-08:00,2025-01-22T12:16:09-08:00,0,21
style.css,250,css,33610443,dallasplunkett,2025-01-22,12:16:09,-08:00,2025-01-22T12:16:09-08:00,0,0
style.css,251,css,33610443,dallasplunkett,2025-01-22,12:16:09,-08:00,2025-01-22T12:16:09-08:00,0,2
style.css,252,css,33610443,dallasplunkett,2025-01-22,12:16:09,-08:00,2025-01-22T12:16:09-08:00,1,15
style.css,253,css,33610443,dallasplunkett,2025-01-22,12:16:09,-08:00,2025-01-22T12:16:09-08:00,0,0
style.css,254,css,33610443,dallasplunkett,2025-01-22,12:16:09,-08:00,2025-01-22T12:16:09-08:00,0,0
style.css,255,css,33610443,dallasplunkett,2025-01-22,12:16:09,-08:00,2025-01-22T12:16:09-08:00,0,11
style.css,256,css,33610443,dallasplunkett,2025-01-22,12:16:09,-08:00,2025-01-22T12:16:09-08:00,1,15
style.css,257,css,33610443,dallasplunkett,2025-01-22,12:16:09,-08:00,2025-01-22T12:16:09-08:00,1,5
style.css,258,css,33610443,dallasplunkett,2025-01-22,12:16:09,-08:00,2025-01-22T12:16:09-08:00,1,7
style.css,259,css,33610443,dallasplunkett,2025-01-22,12:16:09,-08:00,2025-01-22T12:16:09-08:00,1,10
style.css,260,css,33610443,dallasplunkett,2025-01-22,12:16:09,-08:00,2025-01-22T12:16:09-08:00,0,0
style.css,261,css,33610443,dallasplunkett,2025-01-22,12:16:09,-08:00,2025-01-22T12:16:09-08:00,1,10
style.css,262,css,33610443,dallasplunkett,2025-01-22,12:16:09,-08:00,2025-01-22T12:16:09-08:00,1,16
style.css,263,css,33610443,dallasplunkett,2025-01-22,12:16:09,-08:00,2025-01-22T12:16:09-08:00,1,20
style.css,264,css,33610443,dallasplunkett,2025-01-22,12:16:09,-08:00,2025-01-22T12:16:09-08:00,0,0
style.css,265,css,33610443,dallasplunkett,2025-01-22,12:16:09,-08:00,2025-01-22T12:16:09-08:00,0,0
style.css,266,css,33610443,dallasplunkett,2025-01-22,12:16:09,-08:00,2025-01-22T12:16:09-08:00,0,18
style.css,267,css,33610443,dallasplunkett,2025-01-22,12:16:09,-08:00,2025-01-22T12:16:09-08:00,1,25
style.css,268,css,33610443,dallasplunkett,2025-01-22,12:16:09,-08:00,2025-01-22T12:16:09-08:00,1,11
style.css,269,css,33610443,dallasplunkett,2025-01-22,12:16:09,-08:00,2025-01-22T12:16:09-08:00,1,10
style.css,270,css,39933b3e,dallasplunkett,2025-01-30,16:31:17,-08:00,2025-01-30T16:31:17-08:00,0,0
style.css,271,css,39933b3e,dallasplunkett,2025-01-30,16:31:17,-08:00,2025-01-30T16:31:17-08:00,0,0
style.css,272,css,39933b3e,dallasplunkett,2025-01-30,16:31:17,-08:00,2025-01-30T16:31:17-08:00,0,14
style.css,273,css,39933b3e,dallasplunkett,2025-01-30,16:31:17,-08:00,2025-01-30T16:31:17-08:00,0,0
style.css,274,css,39933b3e,dallasplunkett,2025-01-30,16:31:17,-08:00,2025-01-30T16:31:17-08:00,0,0
style.css,275,css,39933b3e,dallasplunkett,2025-01-30,16:31:17,-08:00,2025-01-30T16:31:17-08:00,1,10
style.css,276,css,39933b3e,dallasplunkett,2025-01-30,16:31:17,-08:00,2025-01-30T16:31:17-08:00,1,56
style.css,277,css,39933b3e,dallasplunkett,2025-01-30,16:31:17,-08:00,2025-01-30T16:31:17-08:00,1,18
style.css,278,css,39933b3e,dallasplunkett,2025-01-30,16:31:17,-08:00,2025-01-30T16:31:17-08:00,0,0
style.css,279,css,39933b3e,dallasplunkett,2025-01-30,16:31:17,-08:00,2025-01-30T16:31:17-08:00,0,0
style.css,280,css,39933b3e,dallasplunkett,2025-01-30,16:31:17,-08:00,2025-01-30T16:31:17-08:00,0,4
style.css,281,css,39933b3e,dallasplunkett,2025-01-30,16:31:17,-08:00,2025-01-30T16:31:17-08:00,1,10
style.css,282,css,39933b3e,dallasplunkett,2025-01-30,16:31:17,-08:00,2025-01-30T16:31:17-08:00,1,19
style.css,283,css,39933b3e,dallasplunkett,2025-01-30,16:31:17,-08:00,2025-01-30T16:31:17-08:00,1,20
style.css,284,css,39933b3e,dallasplunkett,2025-01-30,16:31:17,-08:00,2025-01-30T16:31:17-08:00,0,0
style.css,285,css,39933b3e,dallasplunkett,2025-01-30,16:31:17,-08:00,2025-01-30T16:31:17-08:00,0,0
style.css,286,css,39933b3e,dallasplunkett,2025-01-30,16:31:17,-08:00,2025-01-30T16:31:17-08:00,0,0
style.css,287,css,39933b3e,dallasplunkett,2025-01-30,16:31:17,-08:00,2025-01-30T16:31:17-08:00,1,17
style.css,288,css,39933b3e,dallasplunkett,2025-01-30,16:31:17,-08:00,2025-01-30T16:31:17-08:00,1,13
style.css,289,css,39933b3e,dallasplunkett,2025-01-30,16:31:17,-08:00,2025-01-30T16:31:17-08:00,0,0
style.css,290,css,39933b3e,dallasplunkett,2025-01-30,16:31:17,-08:00,2025-01-30T16:31:17-08:00,0,0
style.css,291,css,39933b3e,dallasplunkett,2025-01-30,16:31:17,-08:00,2025-01-30T16:31:17-08:00,0,0
style.css,292,css,39933b3e,dallasplunkett,2025-01-30,16:31:17,-08:00,2025-01-30T16:31:17-08:00,1,13
style.css,293,css,39933b3e,dallasplunkett,2025-01-30,16:31:17,-08:00,2025-01-30T16:31:17-08:00,1,6
style.css,294,css,fdf930dd,dallasplunkett,2025-01-10,10:46:49,-08:00,2025-01-10T10:46:49-08:00,0,0
index.js,1,js,39933b3e,dallasplunkett,2025-01-30,16:31:17,-08:00,2025-01-30T16:31:17-08:00,0,69
index.js,2,js,39933b3e,dallasplunkett,2025-01-30,16:31:17,-08:00,2025-01-30T16:31:17-08:00,0,0
index.js,3,js,39933b3e,dallasplunkett,2025-01-30,16:31:17,-08:00,2025-01-30T16:31:17-08:00,0,52
index.js,4,js,39933b3e,dallasplunkett,2025-01-30,16:31:17,-08:00,2025-01-30T16:31:17-08:00,0,40
index.js,5,js,39933b3e,dallasplunkett,2025-01-30,16:31:17,-08:00,2025-01-30T16:31:17-08:00,0,0
index.js,6,js,39933b3e,dallasplunkett,2025-01-30,16:31:17,-08:00,2025-01-30T16:31:17-08:00,0,58
index.js,7,js,39933b3e,dallasplunkett,2025-01-30,16:31:17,-08:00,2025-01-30T16:31:17-08:00,0,0
index.js,8,js,39933b3e,dallasplunkett,2025-01-30,16:31:17,-08:00,2025-01-30T16:31:17-08:00,0,52
index.js,9,js,39933b3e,dallasplunkett,2025-01-30,16:31:17,-08:00,2025-01-30T16:31:17-08:00,0,0
index.js,10,js,39933b3e,dallasplunkett,2025-01-30,16:31:17,-08:00,2025-01-30T16:31:17-08:00,0,55
index.js,11,js,39933b3e,dallasplunkett,2025-01-30,16:31:17,-08:00,2025-01-30T16:31:17-08:00,0,0
index.js,12,js,39933b3e,dallasplunkett,2025-01-30,16:31:17,-08:00,2025-01-30T16:31:17-08:00,0,58
index.js,13,js,39933b3e,dallasplunkett,2025-01-30,16:31:17,-08:00,2025-01-30T16:31:17-08:00,0,0
index.js,14,js,39933b3e,dallasplunkett,2025-01-30,16:31:17,-08:00,2025-01-30T16:31:17-08:00,0,15
index.js,15,js,39933b3e,dallasplunkett,2025-01-30,16:31:17,-08:00,2025-01-30T16:31:17-08:00,1,22
index.js,16,js,39933b3e,dallasplunkett,2025-01-30,16:31:17,-08:00,2025-01-30T16:31:17-08:00,2,0
index.js,17,js,39933b3e,dallasplunkett,2025-01-30,16:31:17,-08:00,2025-01-30T16:31:17-08:00,3,1
index.js,18,js,39933b3e,dallasplunkett,2025-01-30,16:31:17,-08:00,2025-01-30T16:31:17-08:00,4,17
index.js,19,js,39933b3e,dallasplunkett,2025-01-30,16:31:17,-08:00,2025-01-30T16:31:17-08:00,4,31
index.js,20,js,39933b3e,dallasplunkett,2025-01-30,16:31:17,-08:00,2025-01-30T16:31:17-08:00,3,2
index.js,21,js,39933b3e,dallasplunkett,2025-01-30,16:31:17,-08:00,2025-01-30T16:31:17-08:00,3,1
index.js,22,js,39933b3e,dallasplunkett,2025-01-30,16:31:17,-08:00,2025-01-30T16:31:17-08:00,4,17
index.js,23,js,39933b3e,dallasplunkett,2025-01-30,16:31:17,-08:00,2025-01-30T16:31:17-08:00,4,31
index.js,24,js,39933b3e,dallasplunkett,2025-01-30,16:31:17,-08:00,2025-01-30T16:31:17-08:00,3,2
index.js,25,js,39933b3e,dallasplunkett,2025-01-30,16:31:17,-08:00,2025-01-30T16:31:17-08:00,3,1
index.js,26,js,39933b3e,dallasplunkett,2025-01-30,16:31:17,-08:00,2025-01-30T16:31:17-08:00,4,14
index.js,27,js,39933b3e,dallasplunkett,2025-01-30,16:31:17,-08:00,2025-01-30T16:31:17-08:00,4,28
index.js,28,js,39933b3e,dallasplunkett,2025-01-30,16:31:17,-08:00,2025-01-30T16:31:17-08:00,3,2
index.js,29,js,39933b3e,dallasplunkett,2025-01-30,16:31:17,-08:00,2025-01-30T16:31:17-08:00,3,1
index.js,30,js,39933b3e,dallasplunkett,2025-01-30,16:31:17,-08:00,2025-01-30T16:31:17-08:00,4,14
index.js,31,js,39933b3e,dallasplunkett,2025-01-30,16:31:17,-08:00,2025-01-30T16:31:17-08:00,4,28
index.js,32,js,39933b3e,dallasplunkett,2025-01-30,16:31:17,-08:00,2025-01-30T16:31:17-08:00,3,2
index.js,33,js,39933b3e,dallasplunkett,2025-01-30,16:31:17,-08:00,2025-01-30T16:31:17-08:00,2,1
index.js,34,js,39933b3e,dallasplunkett,2025-01-30,16:31:17,-08:00,2025-01-30T16:31:17-08:00,1,0
index.js,35,js,39933b3e,dallasplunkett,2025-01-30,16:31:17,-08:00,2025-01-30T16:31:17-08:00,0,0
index.html,1,html,cb5d73cf,dallasplunkett,2025-01-10,10:05:49,-08:00,2025-01-10T10:05:49-08:00,0,11
index.html,2,html,446fb6cd,dallasplunkett,2025-01-22,12:58:18,-08:00,2025-01-22T12:58:18-08:00,0,25
index.html,3,html,cb5d73cf,dallasplunkett,2025-01-10,10:05:49,-08:00,2025-01-10T10:05:49-08:00,0,0
index.html,4,html,cb5d73cf,dallasplunkett,2025-01-10,10:05:49,-08:00,2025-01-10T10:05:49-08:00,0,2
index.html,5,html,cb5d73cf,dallasplunkett,2025-01-10,10:05:49,-08:00,2025-01-10T10:05:49-08:00,1,18
index.html,6,html,cb5d73cf,dallasplunkett,2025-01-10,10:05:49,-08:00,2025-01-10T10:05:49-08:00,1,66
index.html,7,html,cb5d73cf,dallasplunkett,2025-01-10,10:05:49,-08:00,2025-01-10T10:05:49-08:00,1,55
index.html,8,html,fdf930dd,dallasplunkett,2025-01-10,10:46:49,-08:00,2025-01-10T10:46:49-08:00,1,36
index.html,9,html,39933b3e,dallasplunkett,2025-01-30,16:31:17,-08:00,2025-01-30T16:31:17-08:00,1,43
index.html,10,html,39933b3e,dallasplunkett,2025-01-30,16:31:17,-08:00,2025-01-30T16:31:17-08:00,1,48
index.html,11,html,cb5d73cf,dallasplunkett,2025-01-10,10:05:49,-08:00,2025-01-10T10:05:49-08:00,0,3
index.html,12,html,cb5d73cf,dallasplunkett,2025-01-10,10:05:49,-08:00,2025-01-10T10:05:49-08:00,0,0
index.html,13,html,cb5d73cf,dallasplunkett,2025-01-10,10:05:49,-08:00,2025-01-10T10:05:49-08:00,0,2
index.html,14,html,66337f75,dallasplunkett,2025-01-15,22:25:13,-08:00,2025-01-15T22:25:13-08:00,1,19
index.html,15,html,66337f75,dallasplunkett,2025-01-15,22:25:13,-08:00,2025-01-15T22:25:13-08:00,2,20
index.html,16,html,66337f75,dallasplunkett,2025-01-15,22:25:13,-08:00,2025-01-15T22:25:13-08:00,2,106
index.html,17,html,66337f75,dallasplunkett,2025-01-15,22:25:13,-08:00,2025-01-15T22:25:13-08:00,3,91
index.html,18,html,66337f75,dallasplunkett,2025-01-15,22:25:13,-08:00,2025-01-15T22:25:13-08:00,3,12
index.html,19,html,66337f75,dallasplunkett,2025-01-15,22:25:13,-08:00,2025-01-15T22:25:13-08:00,3,30
index.html,20,html,ed3d583d,dallasplunkett,2025-01-16,19:54:56,-08:00,2025-01-16T19:54:56-08:00,2,63
index.html,21,html,39933b3e,dallasplunkett,2025-01-30,16:31:17,-08:00,2025-01-30T16:31:17-08:00,2,20
index.html,22,html,39933b3e,dallasplunkett,2025-01-30,16:31:17,-08:00,2025-01-30T16:31:17-08:00,2,24
index.html,23,html,39933b3e,dallasplunkett,2025-01-30,16:31:17,-08:00,2025-01-30T16:31:17-08:00,2,26
index.html,24,html,39933b3e,dallasplunkett,2025-01-30,16:31:17,-08:00,2025-01-30T16:31:17-08:00,2,26
index.html,25,html,66337f75,dallasplunkett,2025-01-15,22:25:13,-08:00,2025-01-15T22:25:13-08:00,1,2
index.html,26,html,cb5d73cf,dallasplunkett,2025-01-10,10:05:49,-08:00,2025-01-10T10:05:49-08:00,0,3
index.html,27,html,cb5d73cf,dallasplunkett,2025-01-10,10:05:49,-08:00,2025-01-10T10:05:49-08:00,0,0
index.html,28,html,cb5d73cf,dallasplunkett,2025-01-10,10:05:49,-08:00,2025-01-10T10:05:49-08:00,0,3
global.js,1,js,4082e13e,dallasplunkett,2025-01-29,22:41:51,-08:00,2025-01-29T22:41:51-08:00,0,5
global.js,2,js,114fd19b,dallasplunkett,2025-01-22,09:32:52,-08:00,2025-01-22T09:32:52-08:00,0,0
global.js,3,js,114fd19b,dallasplunkett,2025-01-22,09:32:52,-08:00,2025-01-22T09:32:52-08:00,0,39
global.js,4,js,114fd19b,dallasplunkett,2025-01-22,09:32:52,-08:00,2025-01-22T09:32:52-08:00,1,50
global.js,5,js,33610443,dallasplunkett,2025-01-22,12:16:09,-08:00,2025-01-22T12:16:09-08:00,0,0
global.js,6,js,aa5afdb5,dallasplunkett,2025-01-22,10:38:32,-08:00,2025-01-22T10:38:32-08:00,0,0
global.js,7,js,aa5afdb5,dallasplunkett,2025-01-22,10:38:32,-08:00,2025-01-22T10:38:32-08:00,0,9
global.js,8,js,aa5afdb5,dallasplunkett,2025-01-22,10:38:32,-08:00,2025-01-22T10:38:32-08:00,1,23
global.js,9,js,aa5afdb5,dallasplunkett,2025-01-22,10:38:32,-08:00,2025-01-22T10:38:32-08:00,1,34
global.js,10,js,aa5afdb5,dallasplunkett,2025-01-22,10:38:32,-08:00,2025-01-22T10:38:32-08:00,1,36
global.js,11,js,aa5afdb5,dallasplunkett,2025-01-22,10:38:32,-08:00,2025-01-22T10:38:32-08:00,1,24
global.js,12,js,aa5afdb5,dallasplunkett,2025-01-22,10:38:32,-08:00,2025-01-22T10:38:32-08:00,1,58
global.js,13,js,00000000,Not Committed Yet,2025-02-13,12:28:28,-08:00,2025-02-13T12:28:28-08:00,1,28
global.js,14,js,aa5afdb5,dallasplunkett,2025-01-22,10:38:32,-08:00,2025-01-22T10:38:32-08:00,0,0
global.js,15,js,aa5afdb5,dallasplunkett,2025-01-22,10:38:32,-08:00,2025-01-22T10:38:32-08:00,0,0
global.js,16,js,4082e13e,dallasplunkett,2025-01-29,22:41:51,-08:00,2025-01-29T22:41:51-08:00,0,19
global.js,17,js,4082e13e,dallasplunkett,2025-01-29,22:41:51,-08:00,2025-01-29T22:41:51-08:00,0,0
global.js,18,js,aa5afdb5,dallasplunkett,2025-01-22,10:38:32,-08:00,2025-01-22T10:38:32-08:00,0,36
global.js,19,js,aa5afdb5,dallasplunkett,2025-01-22,10:38:32,-08:00,2025-01-22T10:38:32-08:00,0,46
global.js,20,js,aa5afdb5,dallasplunkett,2025-01-22,10:38:32,-08:00,2025-01-22T10:38:32-08:00,0,0
global.js,21,js,aa5afdb5,dallasplunkett,2025-01-22,10:38:32,-08:00,2025-01-22T10:38:32-08:00,0,68
global.js,22,js,aa5afdb5,dallasplunkett,2025-01-22,10:38:32,-08:00,2025-01-22T10:38:32-08:00,0,0
global.js,23,js,aa5afdb5,dallasplunkett,2025-01-22,10:38:32,-08:00,2025-01-22T10:38:32-08:00,0,18
global.js,24,js,aa5afdb5,dallasplunkett,2025-01-22,10:38:32,-08:00,2025-01-22T10:38:32-08:00,1,12
global.js,25,js,aa5afdb5,dallasplunkett,2025-01-22,10:38:32,-08:00,2025-01-22T10:38:32-08:00,1,16
global.js,26,js,aa5afdb5,dallasplunkett,2025-01-22,10:38:32,-08:00,2025-01-22T10:38:32-08:00,0,0
global.js,27,js,95f5c797,dallasplunkett,2025-01-22,13:44:23,-08:00,2025-01-22T13:44:23-08:00,1,42
global.js,28,js,95f5c797,dallasplunkett,2025-01-22,13:44:23,-08:00,2025-01-22T13:44:23-08:00,2,14
global.js,29,js,aa5afdb5,dallasplunkett,2025-01-22,10:38:32,-08:00,2025-01-22T10:38:32-08:00,1,0
global.js,30,js,aa5afdb5,dallasplunkett,2025-01-22,10:38:32,-08:00,2025-01-22T10:38:32-08:00,0,0
global.js,31,js,aa5afdb5,dallasplunkett,2025-01-22,10:38:32,-08:00,2025-01-22T10:38:32-08:00,1,32
global.js,32,js,aa5afdb5,dallasplunkett,2025-01-22,10:38:32,-08:00,2025-01-22T10:38:32-08:00,1,9
global.js,33,js,aa5afdb5,dallasplunkett,2025-01-22,10:38:32,-08:00,2025-01-22T10:38:32-08:00,1,18
global.js,34,js,aa5afdb5,dallasplunkett,2025-01-22,10:38:32,-08:00,2025-01-22T10:38:32-08:00,0,0
global.js,35,js,95f5c797,dallasplunkett,2025-01-22,13:44:23,-08:00,2025-01-22T13:44:23-08:00,1,63
global.js,36,js,aa5afdb5,dallasplunkett,2025-01-22,10:38:32,-08:00,2025-01-22T10:38:32-08:00,2,23
global.js,37,js,aa5afdb5,dallasplunkett,2025-01-22,10:38:32,-08:00,2025-01-22T10:38:32-08:00,1,0
global.js,38,js,aa5afdb5,dallasplunkett,2025-01-22,10:38:32,-08:00,2025-01-22T10:38:32-08:00,0,0
global.js,39,js,aa5afdb5,dallasplunkett,2025-01-22,10:38:32,-08:00,2025-01-22T10:38:32-08:00,1,27
global.js,40,js,aa5afdb5,dallasplunkett,2025-01-22,10:38:32,-08:00,2025-01-22T10:38:32-08:00,2,16
global.js,41,js,aa5afdb5,dallasplunkett,2025-01-22,10:38:32,-08:00,2025-01-22T10:38:32-08:00,1,0
global.js,42,js,aa5afdb5,dallasplunkett,2025-01-22,10:38:32,-08:00,2025-01-22T10:38:32-08:00,0,0
global.js,43,js,8bbb068b,dallasplunkett,2025-01-22,13:10:12,-08:00,2025-01-22T13:10:12-08:00,1,15
global.js,44,js,aa5afdb5,dallasplunkett,2025-01-22,10:38:32,-08:00,2025-01-22T10:38:32-08:00,0,0
global.js,45,js,aa5afdb5,dallasplunkett,2025-01-22,10:38:32,-08:00,2025-01-22T10:38:32-08:00,0,0
global.js,46,js,4082e13e,dallasplunkett,2025-01-29,22:41:51,-08:00,2025-01-29T22:41:51-08:00,0,21
global.js,47,js,4082e13e,dallasplunkett,2025-01-29,22:41:51,-08:00,2025-01-29T22:41:51-08:00,0,0
global.js,48,js,33610443,dallasplunkett,2025-01-22,12:16:09,-08:00,2025-01-22T12:16:09-08:00,0,52
global.js,49,js,33610443,dallasplunkett,2025-01-22,12:16:09,-08:00,2025-01-22T12:16:09-08:00,1,9
global.js,50,js,33610443,dallasplunkett,2025-01-22,12:16:09,-08:00,2025-01-22T12:16:09-08:00,1,31
global.js,51,js,33610443,dallasplunkett,2025-01-22,12:16:09,-08:00,2025-01-22T12:16:09-08:00,2,4
global.js,52,js,33610443,dallasplunkett,2025-01-22,12:16:09,-08:00,2025-01-22T12:16:09-08:00,3,35
global.js,53,js,33610443,dallasplunkett,2025-01-22,12:16:09,-08:00,2025-01-22T12:16:09-08:00,3,32
global.js,54,js,33610443,dallasplunkett,2025-01-22,12:16:09,-08:00,2025-01-22T12:16:09-08:00,3,30
global.js,55,js,33610443,dallasplunkett,2025-01-22,12:16:09,-08:00,2025-01-22T12:16:09-08:00,2,5
global.js,56,js,33610443,dallasplunkett,2025-01-22,12:16:09,-08:00,2025-01-22T12:16:09-08:00,1,5
global.js,57,js,33610443,dallasplunkett,2025-01-22,12:16:09,-08:00,2025-01-22T12:16:09-08:00,0,0
global.js,58,js,33610443,dallasplunkett,2025-01-22,12:16:09,-08:00,2025-01-22T12:16:09-08:00,0,0
global.js,59,js,33ec6adc,dallasplunkett,2025-01-22,12:45:01,-08:00,2025-01-22T12:45:01-08:00,0,42
global.js,60,js,33610443,dallasplunkett,2025-01-22,12:16:09,-08:00,2025-01-22T12:16:09-08:00,0,61
global.js,61,js,33610443,dallasplunkett,2025-01-22,12:16:09,-08:00,2025-01-22T12:16:09-08:00,0,0
global.js,62,js,33610443,dallasplunkett,2025-01-22,12:16:09,-08:00,2025-01-22T12:16:09-08:00,0,25
global.js,63,js,33610443,dallasplunkett,2025-01-22,12:16:09,-08:00,2025-01-22T12:16:09-08:00,1,64
global.js,64,js,33610443,dallasplunkett,2025-01-22,12:16:09,-08:00,2025-01-22T12:16:09-08:00,0,31
global.js,65,js,33610443,dallasplunkett,2025-01-22,12:16:09,-08:00,2025-01-22T12:16:09-08:00,1,63
global.js,66,js,33610443,dallasplunkett,2025-01-22,12:16:09,-08:00,2025-01-22T12:16:09-08:00,0,4
global.js,67,js,33610443,dallasplunkett,2025-01-22,12:16:09,-08:00,2025-01-22T12:16:09-08:00,1,58
global.js,68,js,33610443,dallasplunkett,2025-01-22,12:16:09,-08:00,2025-01-22T12:16:09-08:00,0,0
global.js,69,js,33610443,dallasplunkett,2025-01-22,12:16:09,-08:00,2025-01-22T12:16:09-08:00,0,0
global.js,70,js,33610443,dallasplunkett,2025-01-22,12:16:09,-08:00,2025-01-22T12:16:09-08:00,0,22
global.js,71,js,33610443,dallasplunkett,2025-01-22,12:16:09,-08:00,2025-01-22T12:16:09-08:00,0,0
global.js,72,js,33610443,dallasplunkett,2025-01-22,12:16:09,-08:00,2025-01-22T12:16:09-08:00,0,47
global.js,73,js,33610443,dallasplunkett,2025-01-22,12:16:09,-08:00,2025-01-22T12:16:09-08:00,1,29
global.js,74,js,33610443,dallasplunkett,2025-01-22,12:16:09,-08:00,2025-01-22T12:16:09-08:00,0,0
global.js,75,js,33610443,dallasplunkett,2025-01-22,12:16:09,-08:00,2025-01-22T12:16:09-08:00,1,20
global.js,76,js,33610443,dallasplunkett,2025-01-22,12:16:09,-08:00,2025-01-22T12:16:09-08:00,2,64
global.js,77,js,33610443,dallasplunkett,2025-01-22,12:16:09,-08:00,2025-01-22T12:16:09-08:00,1,26
global.js,78,js,33610443,dallasplunkett,2025-01-22,12:16:09,-08:00,2025-01-22T12:16:09-08:00,2,63
global.js,79,js,33610443,dallasplunkett,2025-01-22,12:16:09,-08:00,2025-01-22T12:16:09-08:00,1,4
global.js,80,js,33610443,dallasplunkett,2025-01-22,12:16:09,-08:00,2025-01-22T12:16:09-08:00,2,58
global.js,81,js,33610443,dallasplunkett,2025-01-22,12:16:09,-08:00,2025-01-22T12:16:09-08:00,1,0
global.js,82,js,33610443,dallasplunkett,2025-01-22,12:16:09,-08:00,2025-01-22T12:16:09-08:00,0,0
global.js,83,js,33610443,dallasplunkett,2025-01-22,12:16:09,-08:00,2025-01-22T12:16:09-08:00,1,39
global.js,84,js,33ec6adc,dallasplunkett,2025-01-22,12:45:01,-08:00,2025-01-22T12:45:01-08:00,0,0
global.js,85,js,33ec6adc,dallasplunkett,2025-01-22,12:45:01,-08:00,2025-01-22T12:45:01-08:00,0,0
global.js,86,js,4082e13e,dallasplunkett,2025-01-29,22:41:51,-08:00,2025-01-29T22:41:51-08:00,0,21
global.js,87,js,4082e13e,dallasplunkett,2025-01-29,22:41:51,-08:00,2025-01-29T22:41:51-08:00,0,0
global.js,88,js,4082e13e,dallasplunkett,2025-01-29,22:41:51,-08:00,2025-01-29T22:41:51-08:00,0,42
global.js,89,js,4082e13e,dallasplunkett,2025-01-29,22:41:51,-08:00,2025-01-29T22:41:51-08:00,1,38
global.js,90,js,4082e13e,dallasplunkett,2025-01-29,22:41:51,-08:00,2025-01-29T22:41:51-08:00,0,0
global.js,91,js,4082e13e,dallasplunkett,2025-01-29,22:41:51,-08:00,2025-01-29T22:41:51-08:00,1,46
global.js,92,js,4082e13e,dallasplunkett,2025-01-29,22:41:51,-08:00,2025-01-29T22:41:51-08:00,2,19
global.js,93,js,4082e13e,dallasplunkett,2025-01-29,22:41:51,-08:00,2025-01-29T22:41:51-08:00,2,28
global.js,94,js,4082e13e,dallasplunkett,2025-01-29,22:41:51,-08:00,2025-01-29T22:41:51-08:00,2,12
global.js,95,js,4082e13e,dallasplunkett,2025-01-29,22:41:51,-08:00,2025-01-29T22:41:51-08:00,0,0
global.js,96,js,4082e13e,dallasplunkett,2025-01-29,22:41:51,-08:00,2025-01-29T22:41:51-08:00,2,29
global.js,97,js,4082e13e,dallasplunkett,2025-01-29,22:41:51,-08:00,2025-01-29T22:41:51-08:00,3,68
global.js,98,js,4082e13e,dallasplunkett,2025-01-29,22:41:51,-08:00,2025-01-29T22:41:51-08:00,2,0
global.js,99,js,4082e13e,dallasplunkett,2025-01-29,22:41:51,-08:00,2025-01-29T22:41:51-08:00,0,0
global.js,100,js,4082e13e,dallasplunkett,2025-01-29,22:41:51,-08:00,2025-01-29T22:41:51-08:00,2,33
global.js,101,js,4082e13e,dallasplunkett,2025-01-29,22:41:51,-08:00,2025-01-29T22:41:51-08:00,2,59
global.js,102,js,4082e13e,dallasplunkett,2025-01-29,22:41:51,-08:00,2025-01-29T22:41:51-08:00,2,30
global.js,103,js,4082e13e,dallasplunkett,2025-01-29,22:41:51,-08:00,2025-01-29T22:41:51-08:00,1,0
global.js,104,js,4082e13e,dallasplunkett,2025-01-29,22:41:51,-08:00,2025-01-29T22:41:51-08:00,0,0
global.js,105,js,4082e13e,dallasplunkett,2025-01-29,22:41:51,-08:00,2025-01-29T22:41:51-08:00,0,0
global.js,106,js,4082e13e,dallasplunkett,2025-01-29,22:41:51,-08:00,2025-01-29T22:41:51-08:00,0,20
global.js,107,js,4082e13e,dallasplunkett,2025-01-29,22:41:51,-08:00,2025-01-29T22:41:51-08:00,0,0
global.js,108,js,4082e13e,dallasplunkett,2025-01-29,22:41:51,-08:00,2025-01-29T22:41:51-08:00,0,34
global.js,109,js,4082e13e,dallasplunkett,2025-01-29,22:41:51,-08:00,2025-01-29T22:41:51-08:00,1,1
global.js,110,js,4082e13e,dallasplunkett,2025-01-29,22:41:51,-08:00,2025-01-29T22:41:51-08:00,2,30
global.js,111,js,4082e13e,dallasplunkett,2025-01-29,22:41:51,-08:00,2025-01-29T22:41:51-08:00,2,15
global.js,112,js,4082e13e,dallasplunkett,2025-01-29,22:41:51,-08:00,2025-01-29T22:41:51-08:00,3,64
global.js,113,js,4082e13e,dallasplunkett,2025-01-29,22:41:51,-08:00,2025-01-29T22:41:51-08:00,2,0
global.js,114,js,4082e13e,dallasplunkett,2025-01-29,22:41:51,-08:00,2025-01-29T22:41:51-08:00,2,31
global.js,115,js,4082e13e,dallasplunkett,2025-01-29,22:41:51,-08:00,2025-01-29T22:41:51-08:00,2,8
global.js,116,js,33ec6adc,dallasplunkett,2025-01-22,12:45:01,-08:00,2025-01-22T12:45:01-08:00,0,0
global.js,117,js,4082e13e,dallasplunkett,2025-01-29,22:41:51,-08:00,2025-01-29T22:41:51-08:00,1,13
global.js,118,js,4082e13e,dallasplunkett,2025-01-29,22:41:51,-08:00,2025-01-29T22:41:51-08:00,2,57
global.js,119,js,4082e13e,dallasplunkett,2025-01-29,22:41:51,-08:00,2025-01-29T22:41:51-08:00,1,0
global.js,120,js,4082e13e,dallasplunkett,2025-01-29,22:41:51,-08:00,2025-01-29T22:41:51-08:00,0,0
global.js,121,js,4082e13e,dallasplunkett,2025-01-29,22:41:51,-08:00,2025-01-29T22:41:51-08:00,0,0
global.js,122,js,4082e13e,dallasplunkett,2025-01-29,22:41:51,-08:00,2025-01-29T22:41:51-08:00,0,28
global.js,123,js,4082e13e,dallasplunkett,2025-01-29,22:41:51,-08:00,2025-01-29T22:41:51-08:00,0,0
global.js,124,js,4082e13e,dallasplunkett,2025-01-29,22:41:51,-08:00,2025-01-29T22:41:51-08:00,0,77
global.js,125,js,4082e13e,dallasplunkett,2025-01-29,22:41:51,-08:00,2025-01-29T22:41:51-08:00,1,66
global.js,126,js,4082e13e,dallasplunkett,2025-01-29,22:41:51,-08:00,2025-01-29T22:41:51-08:00,2,49
global.js,127,js,4082e13e,dallasplunkett,2025-01-29,22:41:51,-08:00,2025-01-29T22:41:51-08:00,2,3
global.js,128,js,4082e13e,dallasplunkett,2025-01-29,22:41:51,-08:00,2025-01-29T22:41:51-08:00,1,0
global.js,129,js,33ec6adc,dallasplunkett,2025-01-22,12:45:01,-08:00,2025-01-22T12:45:01-08:00,0,0
global.js,130,js,4082e13e,dallasplunkett,2025-01-29,22:41:51,-08:00,2025-01-29T22:41:51-08:00,1,60
global.js,131,js,4082e13e,dallasplunkett,2025-01-29,22:41:51,-08:00,2025-01-29T22:41:51-08:00,1,45
global.js,132,js,4082e13e,dallasplunkett,2025-01-29,22:41:51,-08:00,2025-01-29T22:41:51-08:00,2,72
global.js,133,js,4082e13e,dallasplunkett,2025-01-29,22:41:51,-08:00,2025-01-29T22:41:51-08:00,2,16
global.js,134,js,33ec6adc,dallasplunkett,2025-01-22,12:45:01,-08:00,2025-01-22T12:45:01-08:00,1,0
global.js,135,js,33ec6adc,dallasplunkett,2025-01-22,12:45:01,-08:00,2025-01-22T12:45:01-08:00,0,0
global.js,136,js,4082e13e,dallasplunkett,2025-01-29,22:41:51,-08:00,2025-01-29T22:41:51-08:00,1,28
global.js,137,js,4082e13e,dallasplunkett,2025-01-29,22:41:51,-08:00,2025-01-29T22:41:51-08:00,0,0
global.js,138,js,4082e13e,dallasplunkett,2025-01-29,22:41:51,-08:00,2025-01-29T22:41:51-08:00,1,39
global.js,139,js,4082e13e,dallasplunkett,2025-01-29,22:41:51,-08:00,2025-01-29T22:41:51-08:00,2,24
global.js,140,js,4082e13e,dallasplunkett,2025-01-29,22:41:51,-08:00,2025-01-29T22:41:51-08:00,0,0
global.js,141,js,4082e13e,dallasplunkett,2025-01-29,22:41:51,-08:00,2025-01-29T22:41:51-08:00,2,46
global.js,142,js,4082e13e,dallasplunkett,2025-01-29,22:41:51,-08:00,2025-01-29T22:41:51-08:00,2,17
global.js,143,js,4082e13e,dallasplunkett,2025-01-29,22:41:51,-08:00,2025-01-29T22:41:51-08:00,3,47
global.js,144,js,4082e13e,dallasplunkett,2025-01-29,22:41:51,-08:00,2025-01-29T22:41:51-08:00,3,77
global.js,145,js,b3528943,dallasplunkett,2025-02-07,09:17:45,-08:00,2025-02-07T09:17:45-08:00,3,104
global.js,146,js,4082e13e,dallasplunkett,2025-01-29,22:41:51,-08:00,2025-01-29T22:41:51-08:00,2,0
global.js,147,js,4082e13e,dallasplunkett,2025-01-29,22:41:51,-08:00,2025-01-29T22:41:51-08:00,0,0
global.js,148,js,4082e13e,dallasplunkett,2025-01-29,22:41:51,-08:00,2025-01-29T22:41:51-08:00,2,34
global.js,149,js,4082e13e,dallasplunkett,2025-01-29,22:41:51,-08:00,2025-01-29T22:41:51-08:00,1,0
global.js,150,js,39933b3e,dallasplunkett,2025-01-30,16:31:17,-08:00,2025-01-30T16:31:17-08:00,0,0
global.js,151,js,39933b3e,dallasplunkett,2025-01-30,16:31:17,-08:00,2025-01-30T16:31:17-08:00,0,0
global.js,152,js,39933b3e,dallasplunkett,2025-01-30,16:31:17,-08:00,2025-01-30T16:31:17-08:00,0,16
global.js,153,js,39933b3e,dallasplunkett,2025-01-30,16:31:17,-08:00,2025-01-30T16:31:17-08:00,0,0
global.js,154,js,39933b3e,dallasplunkett,2025-01-30,16:31:17,-08:00,2025-01-30T16:31:17-08:00,0,45
global.js,155,js,39933b3e,dallasplunkett,2025-01-30,16:31:17,-08:00,2025-01-30T16:31:17-08:00,1,57
global.js,156,js,4082e13e,dallasplunkett,2025-01-29,22:41:51,-08:00,2025-01-29T22:41:51-08:00,0,0
projects/projects.js,1,js,4082e13e,dallasplunkett,2025-01-29,22:41:51,-08:00,2025-01-29T22:41:51-08:00,0,53
projects/projects.js,2,js,1a554916,dallasplunkett,2025-02-07,09:44:49,-08:00,2025-02-07T09:44:49-08:00,0,61
projects/projects.js,3,js,4082e13e,dallasplunkett,2025-01-29,22:41:51,-08:00,2025-01-29T22:41:51-08:00,0,0
projects/projects.js,4,js,4082e13e,dallasplunkett,2025-01-29,22:41:51,-08:00,2025-01-29T22:41:51-08:00,0,53
projects/projects.js,5,js,4082e13e,dallasplunkett,2025-01-29,22:41:51,-08:00,2025-01-29T22:41:51-08:00,0,0
projects/projects.js,6,js,4082e13e,dallasplunkett,2025-01-29,22:41:51,-08:00,2025-01-29T22:41:51-08:00,0,58
projects/projects.js,7,js,4082e13e,dallasplunkett,2025-01-29,22:41:51,-08:00,2025-01-29T22:41:51-08:00,0,60
projects/projects.js,8,js,e3866b9e,dallasplunkett,2025-02-07,11:27:54,-08:00,2025-02-07T11:27:54-08:00,0,53
projects/projects.js,9,js,e3866b9e,dallasplunkett,2025-02-07,11:27:54,-08:00,2025-02-07T11:27:54-08:00,0,0
projects/projects.js,10,js,e3866b9e,dallasplunkett,2025-02-07,11:27:54,-08:00,2025-02-07T11:27:54-08:00,0,46
projects/projects.js,11,js,4082e13e,dallasplunkett,2025-01-29,22:41:51,-08:00,2025-01-29T22:41:51-08:00,0,16
projects/projects.js,12,js,4082e13e,dallasplunkett,2025-01-29,22:41:51,-08:00,2025-01-29T22:41:51-08:00,1,54
projects/projects.js,13,js,1a554916,dallasplunkett,2025-02-07,09:44:49,-08:00,2025-02-07T09:44:49-08:00,0,0
projects/projects.js,14,js,1a554916,dallasplunkett,2025-02-07,09:44:49,-08:00,2025-02-07T09:44:49-08:00,0,0
projects/projects.js,15,js,c9f552e5,dallasplunkett,2025-02-07,14:18:30,-08:00,2025-02-07T14:18:30-08:00,0,19
projects/projects.js,16,js,c9f552e5,dallasplunkett,2025-02-07,14:18:30,-08:00,2025-02-07T14:18:30-08:00,0,0
projects/projects.js,17,js,e3866b9e,dallasplunkett,2025-02-07,11:27:54,-08:00,2025-02-07T11:27:54-08:00,0,36
projects/projects.js,18,js,e3866b9e,dallasplunkett,2025-02-07,11:27:54,-08:00,2025-02-07T11:27:54-08:00,1,23
projects/projects.js,19,js,e3866b9e,dallasplunkett,2025-02-07,11:27:54,-08:00,2025-02-07T11:27:54-08:00,1,27
projects/projects.js,20,js,e3866b9e,dallasplunkett,2025-02-07,11:27:54,-08:00,2025-02-07T11:27:54-08:00,2,10
projects/projects.js,21,js,e3866b9e,dallasplunkett,2025-02-07,11:27:54,-08:00,2025-02-07T11:27:54-08:00,2,12
projects/projects.js,22,js,e3866b9e,dallasplunkett,2025-02-07,11:27:54,-08:00,2025-02-07T11:27:54-08:00,2,9
projects/projects.js,23,js,e3866b9e,dallasplunkett,2025-02-07,11:27:54,-08:00,2025-02-07T11:27:54-08:00,1,0
projects/projects.js,24,js,1a554916,dallasplunkett,2025-02-07,09:44:49,-08:00,2025-02-07T09:44:49-08:00,0,0
projects/projects.js,25,js,e3866b9e,dallasplunkett,2025-02-07,11:27:54,-08:00,2025-02-07T11:27:54-08:00,1,16
projects/projects.js,26,js,e3866b9e,dallasplunkett,2025-02-07,11:27:54,-08:00,2025-02-07T11:27:54-08:00,1,48
projects/projects.js,27,js,e3866b9e,dallasplunkett,2025-02-07,11:27:54,-08:00,2025-02-07T11:27:54-08:00,2,33
projects/projects.js,28,js,e3866b9e,dallasplunkett,2025-02-07,11:27:54,-08:00,2025-02-07T11:27:54-08:00,1,0
projects/projects.js,29,js,6e7b9a07,dallasplunkett,2025-02-07,10:53:39,-08:00,2025-02-07T10:53:39-08:00,0,0
projects/projects.js,30,js,e3866b9e,dallasplunkett,2025-02-07,11:27:54,-08:00,2025-02-07T11:27:54-08:00,1,29
projects/projects.js,31,js,e3866b9e,dallasplunkett,2025-02-07,11:27:54,-08:00,2025-02-07T11:27:54-08:00,1,55
projects/projects.js,32,js,e3866b9e,dallasplunkett,2025-02-07,11:27:54,-08:00,2025-02-07T11:27:54-08:00,1,48
projects/projects.js,33,js,e3866b9e,dallasplunkett,2025-02-07,11:27:54,-08:00,2025-02-07T11:27:54-08:00,1,37
projects/projects.js,34,js,e3866b9e,dallasplunkett,2025-02-07,11:27:54,-08:00,2025-02-07T11:27:54-08:00,1,49
projects/projects.js,35,js,1a554916,dallasplunkett,2025-02-07,09:44:49,-08:00,2025-02-07T09:44:49-08:00,0,0
projects/projects.js,36,js,e3866b9e,dallasplunkett,2025-02-07,11:27:54,-08:00,2025-02-07T11:27:54-08:00,1,39
projects/projects.js,37,js,e3866b9e,dallasplunkett,2025-02-07,11:27:54,-08:00,2025-02-07T11:27:54-08:00,1,23
projects/projects.js,38,js,e3866b9e,dallasplunkett,2025-02-07,11:27:54,-08:00,2025-02-07T11:27:54-08:00,1,24
projects/projects.js,39,js,e3866b9e,dallasplunkett,2025-02-07,11:27:54,-08:00,2025-02-07T11:27:54-08:00,1,30
projects/projects.js,40,js,e3866b9e,dallasplunkett,2025-02-07,11:27:54,-08:00,2025-02-07T11:27:54-08:00,1,12
projects/projects.js,41,js,1a554916,dallasplunkett,2025-02-07,09:44:49,-08:00,2025-02-07T09:44:49-08:00,0,0
projects/projects.js,42,js,e3866b9e,dallasplunkett,2025-02-07,11:27:54,-08:00,2025-02-07T11:27:54-08:00,1,28
projects/projects.js,43,js,e3866b9e,dallasplunkett,2025-02-07,11:27:54,-08:00,2025-02-07T11:27:54-08:00,1,45
projects/projects.js,44,js,c9f552e5,dallasplunkett,2025-02-07,14:18:30,-08:00,2025-02-07T14:18:30-08:00,0,0
projects/projects.js,45,js,e3866b9e,dallasplunkett,2025-02-07,11:27:54,-08:00,2025-02-07T11:27:54-08:00,1,31
projects/projects.js,46,js,e3866b9e,dallasplunkett,2025-02-07,11:27:54,-08:00,2025-02-07T11:27:54-08:00,2,14
projects/projects.js,47,js,e3866b9e,dallasplunkett,2025-02-07,11:27:54,-08:00,2025-02-07T11:27:54-08:00,3,15
projects/projects.js,48,js,c9f552e5,dallasplunkett,2025-02-07,14:18:30,-08:00,2025-02-07T14:18:30-08:00,3,22
projects/projects.js,49,js,c9f552e5,dallasplunkett,2025-02-07,14:18:30,-08:00,2025-02-07T14:18:30-08:00,3,16
projects/projects.js,50,js,c9f552e5,dallasplunkett,2025-02-07,14:18:30,-08:00,2025-02-07T14:18:30-08:00,4,47
projects/projects.js,51,js,c9f552e5,dallasplunkett,2025-02-07,14:18:30,-08:00,2025-02-07T14:18:30-08:00,0,0
projects/projects.js,52,js,c9f552e5,dallasplunkett,2025-02-07,14:18:30,-08:00,2025-02-07T14:18:30-08:00,4,17
projects/projects.js,53,js,c9f552e5,dallasplunkett,2025-02-07,14:18:30,-08:00,2025-02-07T14:18:30-08:00,5,60
projects/projects.js,54,js,c9f552e5,dallasplunkett,2025-02-07,14:18:30,-08:00,2025-02-07T14:18:30-08:00,4,18
projects/projects.js,55,js,c9f552e5,dallasplunkett,2025-02-07,14:18:30,-08:00,2025-02-07T14:18:30-08:00,5,60
projects/projects.js,56,js,c9f552e5,dallasplunkett,2025-02-07,14:18:30,-08:00,2025-02-07T14:18:30-08:00,0,0
projects/projects.js,57,js,c9f552e5,dallasplunkett,2025-02-07,14:18:30,-08:00,2025-02-07T14:18:30-08:00,4,23
projects/projects.js,58,js,0268861c,dallasplunkett,2025-02-13,12:19:47,-08:00,2025-02-13T12:19:47-08:00,5,51
projects/projects.js,59,js,c9f552e5,dallasplunkett,2025-02-07,14:18:30,-08:00,2025-02-07T14:18:30-08:00,4,4
projects/projects.js,60,js,c9f552e5,dallasplunkett,2025-02-07,14:18:30,-08:00,2025-02-07T14:18:30-08:00,5,46
projects/projects.js,61,js,0268861c,dallasplunkett,2025-02-13,12:19:47,-08:00,2025-02-13T12:19:47-08:00,5,84
projects/projects.js,62,js,c9f552e5,dallasplunkett,2025-02-07,14:18:30,-08:00,2025-02-07T14:18:30-08:00,5,54
projects/projects.js,63,js,c9f552e5,dallasplunkett,2025-02-07,14:18:30,-08:00,2025-02-07T14:18:30-08:00,4,0
projects/projects.js,64,js,c9f552e5,dallasplunkett,2025-02-07,14:18:30,-08:00,2025-02-07T14:18:30-08:00,3,0
projects/projects.js,65,js,e3866b9e,dallasplunkett,2025-02-07,11:27:54,-08:00,2025-02-07T11:27:54-08:00,1,0
projects/projects.js,66,js,22b85a66,dallasplunkett,2025-02-07,10:45:47,-08:00,2025-02-07T10:45:47-08:00,0,0
projects/projects.js,67,js,e3866b9e,dallasplunkett,2025-02-07,11:27:54,-08:00,2025-02-07T11:27:54-08:00,1,22
projects/projects.js,68,js,e3866b9e,dallasplunkett,2025-02-07,11:27:54,-08:00,2025-02-07T11:27:54-08:00,1,25
projects/projects.js,69,js,e3866b9e,dallasplunkett,2025-02-07,11:27:54,-08:00,2025-02-07T11:27:54-08:00,2,15
projects/projects.js,70,js,e3866b9e,dallasplunkett,2025-02-07,11:27:54,-08:00,2025-02-07T11:27:54-08:00,3,36
projects/projects.js,71,js,e3866b9e,dallasplunkett,2025-02-07,11:27:54,-08:00,2025-02-07T11:27:54-08:00,3,107
projects/projects.js,72,js,e3866b9e,dallasplunkett,2025-02-07,11:27:54,-08:00,2025-02-07T11:27:54-08:00,1,0
projects/projects.js,73,js,c9f552e5,dallasplunkett,2025-02-07,14:18:30,-08:00,2025-02-07T14:18:30-08:00,0,0
projects/projects.js,74,js,c9f552e5,dallasplunkett,2025-02-07,14:18:30,-08:00,2025-02-07T14:18:30-08:00,1,18
projects/projects.js,75,js,c9f552e5,dallasplunkett,2025-02-07,14:18:30,-08:00,2025-02-07T14:18:30-08:00,2,64
projects/projects.js,76,js,e3866b9e,dallasplunkett,2025-02-07,11:27:54,-08:00,2025-02-07T11:27:54-08:00,0,0
projects/projects.js,77,js,e3866b9e,dallasplunkett,2025-02-07,11:27:54,-08:00,2025-02-07T11:27:54-08:00,0,0
projects/projects.js,78,js,e3866b9e,dallasplunkett,2025-02-07,11:27:54,-08:00,2025-02-07T11:27:54-08:00,0,21
projects/projects.js,79,js,e3866b9e,dallasplunkett,2025-02-07,11:27:54,-08:00,2025-02-07T11:27:54-08:00,0,0
projects/projects.js,80,js,e3866b9e,dallasplunkett,2025-02-07,11:27:54,-08:00,2025-02-07T11:27:54-08:00,0,28
projects/projects.js,81,js,e3866b9e,dallasplunkett,2025-02-07,11:27:54,-08:00,2025-02-07T11:27:54-08:00,1,31
projects/projects.js,82,js,e3866b9e,dallasplunkett,2025-02-07,11:27:54,-08:00,2025-02-07T11:27:54-08:00,2,57
projects/projects.js,83,js,e3866b9e,dallasplunkett,2025-02-07,11:27:54,-08:00,2025-02-07T11:27:54-08:00,2,46
projects/projects.js,84,js,e3866b9e,dallasplunkett,2025-02-07,11:27:54,-08:00,2025-02-07T11:27:54-08:00,1,0
projects/projects.js,85,js,e3866b9e,dallasplunkett,2025-02-07,11:27:54,-08:00,2025-02-07T11:27:54-08:00,0,0
projects/projects.js,86,js,e3866b9e,dallasplunkett,2025-02-07,11:27:54,-08:00,2025-02-07T11:27:54-08:00,0,0
projects/projects.js,87,js,e3866b9e,dallasplunkett,2025-02-07,11:27:54,-08:00,2025-02-07T11:27:54-08:00,0,46
projects/projects.js,88,js,e3866b9e,dallasplunkett,2025-02-07,11:27:54,-08:00,2025-02-07T11:27:54-08:00,1,48
projects/projects.js,89,js,e3866b9e,dallasplunkett,2025-02-07,11:27:54,-08:00,2025-02-07T11:27:54-08:00,0,0
projects/projects.js,90,js,e3866b9e,dallasplunkett,2025-02-07,11:27:54,-08:00,2025-02-07T11:27:54-08:00,1,54
projects/projects.js,91,js,e3866b9e,dallasplunkett,2025-02-07,11:27:54,-08:00,2025-02-07T11:27:54-08:00,1,16
projects/projects.js,92,js,e3866b9e,dallasplunkett,2025-02-07,11:27:54,-08:00,2025-02-07T11:27:54-08:00,2,62
projects/projects.js,93,js,e3866b9e,dallasplunkett,2025-02-07,11:27:54,-08:00,2025-02-07T11:27:54-08:00,1,0
projects/projects.js,94,js,c9f552e5,dallasplunkett,2025-02-07,14:18:30,-08:00,2025-02-07T14:18:30-08:00,0,0
projects/projects.js,95,js,c9f552e5,dallasplunkett,2025-02-07,14:18:30,-08:00,2025-02-07T14:18:30-08:00,1,15
projects/projects.js,96,js,e3866b9e,dallasplunkett,2025-02-07,11:27:54,-08:00,2025-02-07T11:27:54-08:00,1,29
projects/projects.js,97,js,e3866b9e,dallasplunkett,2025-02-07,11:27:54,-08:00,2025-02-07T11:27:54-08:00,0,0
projects/index.html,1,html,fdf930dd,dallasplunkett,2025-01-10,10:46:49,-08:00,2025-01-10T10:46:49-08:00,0,11
projects/index.html,2,html,fdf930dd,dallasplunkett,2025-01-10,10:46:49,-08:00,2025-01-10T10:46:49-08:00,0,12
projects/index.html,3,html,fdf930dd,dallasplunkett,2025-01-10,10:46:49,-08:00,2025-01-10T10:46:49-08:00,0,0
projects/index.html,4,html,fdf930dd,dallasplunkett,2025-01-10,10:46:49,-08:00,2025-01-10T10:46:49-08:00,0,2
projects/index.html,5,html,fdf930dd,dallasplunkett,2025-01-10,10:46:49,-08:00,2025-01-10T10:46:49-08:00,1,18
projects/index.html,6,html,fdf930dd,dallasplunkett,2025-01-10,10:46:49,-08:00,2025-01-10T10:46:49-08:00,1,66
projects/index.html,7,html,fdf930dd,dallasplunkett,2025-01-10,10:46:49,-08:00,2025-01-10T10:46:49-08:00,1,19
projects/index.html,8,html,fdf930dd,dallasplunkett,2025-01-10,10:46:49,-08:00,2025-01-10T10:46:49-08:00,1,39
projects/index.html,9,html,114fd19b,dallasplunkett,2025-01-22,09:32:52,-08:00,2025-01-22T09:32:52-08:00,1,46
projects/index.html,10,html,4082e13e,dallasplunkett,2025-01-29,22:41:51,-08:00,2025-01-29T22:41:51-08:00,1,45
projects/index.html,11,html,fdf930dd,dallasplunkett,2025-01-10,10:46:49,-08:00,2025-01-10T10:46:49-08:00,0,3
projects/index.html,12,html,fdf930dd,dallasplunkett,2025-01-10,10:46:49,-08:00,2025-01-10T10:46:49-08:00,0,0
projects/index.html,13,html,fdf930dd,dallasplunkett,2025-01-10,10:46:49,-08:00,2025-01-10T10:46:49-08:00,0,2
projects/index.html,14,html,66337f75,dallasplunkett,2025-01-15,22:25:13,-08:00,2025-01-15T22:25:13-08:00,1,19
projects/index.html,15,html,4082e13e,dallasplunkett,2025-01-29,22:41:51,-08:00,2025-01-29T22:41:51-08:00,2,36
projects/index.html,16,html,22b85a66,dallasplunkett,2025-02-07,10:45:47,-08:00,2025-02-07T10:45:47-08:00,2,19
projects/index.html,17,html,22b85a66,dallasplunkett,2025-02-07,10:45:47,-08:00,2025-02-07T10:45:47-08:00,3,50
projects/index.html,18,html,22b85a66,dallasplunkett,2025-02-07,10:45:47,-08:00,2025-02-07T10:45:47-08:00,3,2
projects/index.html,19,html,22b85a66,dallasplunkett,2025-02-07,10:45:47,-08:00,2025-02-07T10:45:47-08:00,3,20
projects/index.html,20,html,22b85a66,dallasplunkett,2025-02-07,10:45:47,-08:00,2025-02-07T10:45:47-08:00,2,2
projects/index.html,21,html,e3866b9e,dallasplunkett,2025-02-07,11:27:54,-08:00,2025-02-07T11:27:54-08:00,2,100
projects/index.html,22,html,66337f75,dallasplunkett,2025-01-15,22:25:13,-08:00,2025-01-15T22:25:13-08:00,2,18
projects/index.html,23,html,66337f75,dallasplunkett,2025-01-15,22:25:13,-08:00,2025-01-15T22:25:13-08:00,2,2
projects/index.html,24,html,66337f75,dallasplunkett,2025-01-15,22:25:13,-08:00,2025-01-15T22:25:13-08:00,1,2
projects/index.html,25,html,fdf930dd,dallasplunkett,2025-01-10,10:46:49,-08:00,2025-01-10T10:46:49-08:00,0,3
projects/index.html,26,html,fdf930dd,dallasplunkett,2025-01-10,10:46:49,-08:00,2025-01-10T10:46:49-08:00,0,0
projects/index.html,27,html,fdf930dd,dallasplunkett,2025-01-10,10:46:49,-08:00,2025-01-10T10:46:49-08:00,0,3
cv/index.html,1,html,23dc5d8c,dallasplunkett,2025-01-10,11:56:23,-08:00,2025-01-10T11:56:23-08:00,0,11
cv/index.html,2,html,23dc5d8c,dallasplunkett,2025-01-10,11:56:23,-08:00,2025-01-10T11:56:23-08:00,0,12
cv/index.html,3,html,23dc5d8c,dallasplunkett,2025-01-10,11:56:23,-08:00,2025-01-10T11:56:23-08:00,0,0
cv/index.html,4,html,23dc5d8c,dallasplunkett,2025-01-10,11:56:23,-08:00,2025-01-10T11:56:23-08:00,0,2
cv/index.html,5,html,23dc5d8c,dallasplunkett,2025-01-10,11:56:23,-08:00,2025-01-10T11:56:23-08:00,1,18
cv/index.html,6,html,23dc5d8c,dallasplunkett,2025-01-10,11:56:23,-08:00,2025-01-10T11:56:23-08:00,1,66
cv/index.html,7,html,23dc5d8c,dallasplunkett,2025-01-10,11:56:23,-08:00,2025-01-10T11:56:23-08:00,1,13
cv/index.html,8,html,23dc5d8c,dallasplunkett,2025-01-10,11:56:23,-08:00,2025-01-10T11:56:23-08:00,1,39
cv/index.html,9,html,114fd19b,dallasplunkett,2025-01-22,09:32:52,-08:00,2025-01-22T09:32:52-08:00,1,46
cv/index.html,10,html,23dc5d8c,dallasplunkett,2025-01-10,11:56:23,-08:00,2025-01-10T11:56:23-08:00,0,3
cv/index.html,11,html,23dc5d8c,dallasplunkett,2025-01-10,11:56:23,-08:00,2025-01-10T11:56:23-08:00,0,0
cv/index.html,12,html,23dc5d8c,dallasplunkett,2025-01-10,11:56:23,-08:00,2025-01-10T11:56:23-08:00,0,2
cv/index.html,13,html,66337f75,dallasplunkett,2025-01-15,22:25:13,-08:00,2025-01-15T22:25:13-08:00,1,19
cv/index.html,14,html,66337f75,dallasplunkett,2025-01-15,22:25:13,-08:00,2025-01-15T22:25:13-08:00,2,4
cv/index.html,15,html,66337f75,dallasplunkett,2025-01-15,22:25:13,-08:00,2025-01-15T22:25:13-08:00,3,20
cv/index.html,16,html,66337f75,dallasplunkett,2025-01-15,22:25:13,-08:00,2025-01-15T22:25:13-08:00,3,50
cv/index.html,17,html,66337f75,dallasplunkett,2025-01-15,22:25:13,-08:00,2025-01-15T22:25:13-08:00,2,5
cv/index.html,18,html,23dc5d8c,dallasplunkett,2025-01-10,11:56:23,-08:00,2025-01-10T11:56:23-08:00,0,0
cv/index.html,19,html,ed3d583d,dallasplunkett,2025-01-16,19:54:56,-08:00,2025-01-16T19:54:56-08:00,2,12
cv/index.html,20,html,ed3d583d,dallasplunkett,2025-01-16,19:54:56,-08:00,2025-01-16T19:54:56-08:00,3,14
cv/index.html,21,html,ed3d583d,dallasplunkett,2025-01-16,19:54:56,-08:00,2025-01-16T19:54:56-08:00,4,21
cv/index.html,22,html,ed3d583d,dallasplunkett,2025-01-16,19:54:56,-08:00,2025-01-16T19:54:56-08:00,5,12
cv/index.html,23,html,ed3d583d,dallasplunkett,2025-01-16,19:54:56,-08:00,2025-01-16T19:54:56-08:00,5,94
cv/index.html,24,html,ed3d583d,dallasplunkett,2025-01-16,19:54:56,-08:00,2025-01-16T19:54:56-08:00,6,7
cv/index.html,25,html,ed3d583d,dallasplunkett,2025-01-16,19:54:56,-08:00,2025-01-16T19:54:56-08:00,6,91
cv/index.html,26,html,ed3d583d,dallasplunkett,2025-01-16,19:54:56,-08:00,2025-01-16T19:54:56-08:00,6,12
cv/index.html,27,html,ed3d583d,dallasplunkett,2025-01-16,19:54:56,-08:00,2025-01-16T19:54:56-08:00,6,30
cv/index.html,28,html,ed3d583d,dallasplunkett,2025-01-16,19:54:56,-08:00,2025-01-16T19:54:56-08:00,4,6
cv/index.html,29,html,23dc5d8c,dallasplunkett,2025-01-10,11:56:23,-08:00,2025-01-10T11:56:23-08:00,0,0
cv/index.html,30,html,ed3d583d,dallasplunkett,2025-01-16,19:54:56,-08:00,2025-01-16T19:54:56-08:00,4,23
cv/index.html,31,html,ed3d583d,dallasplunkett,2025-01-16,19:54:56,-08:00,2025-01-16T19:54:56-08:00,5,14
cv/index.html,32,html,ed3d583d,dallasplunkett,2025-01-16,19:54:56,-08:00,2025-01-16T19:54:56-08:00,5,5
cv/index.html,33,html,ed3d583d,dallasplunkett,2025-01-16,19:54:56,-08:00,2025-01-16T19:54:56-08:00,6,40
cv/index.html,34,html,ed3d583d,dallasplunkett,2025-01-16,19:54:56,-08:00,2025-01-16T19:54:56-08:00,6,28
cv/index.html,35,html,ed3d583d,dallasplunkett,2025-01-16,19:54:56,-08:00,2025-01-16T19:54:56-08:00,6,80
cv/index.html,36,html,ed3d583d,dallasplunkett,2025-01-16,19:54:56,-08:00,2025-01-16T19:54:56-08:00,8,12
cv/index.html,37,html,ed3d583d,dallasplunkett,2025-01-16,19:54:56,-08:00,2025-01-16T19:54:56-08:00,5,6
cv/index.html,38,html,23dc5d8c,dallasplunkett,2025-01-10,11:56:23,-08:00,2025-01-10T11:56:23-08:00,0,0
cv/index.html,39,html,ed3d583d,dallasplunkett,2025-01-16,19:54:56,-08:00,2025-01-16T19:54:56-08:00,5,5
cv/index.html,40,html,ed3d583d,dallasplunkett,2025-01-16,19:54:56,-08:00,2025-01-16T19:54:56-08:00,6,27
cv/index.html,41,html,ed3d583d,dallasplunkett,2025-01-16,19:54:56,-08:00,2025-01-16T19:54:56-08:00,6,39
cv/index.html,42,html,ed3d583d,dallasplunkett,2025-01-16,19:54:56,-08:00,2025-01-16T19:54:56-08:00,6,80
cv/index.html,43,html,ed3d583d,dallasplunkett,2025-01-16,19:54:56,-08:00,2025-01-16T19:54:56-08:00,8,12
cv/index.html,44,html,ed3d583d,dallasplunkett,2025-01-16,19:54:56,-08:00,2025-01-16T19:54:56-08:00,5,6
cv/index.html,45,html,ed3d583d,dallasplunkett,2025-01-16,19:54:56,-08:00,2025-01-16T19:54:56-08:00,4,6
cv/index.html,46,html,23dc5d8c,dallasplunkett,2025-01-10,11:56:23,-08:00,2025-01-10T11:56:23-08:00,0,0
cv/index.html,47,html,ed3d583d,dallasplunkett,2025-01-16,19:54:56,-08:00,2025-01-16T19:54:56-08:00,4,20
cv/index.html,48,html,ed3d583d,dallasplunkett,2025-01-16,19:54:56,-08:00,2025-01-16T19:54:56-08:00,5,11
cv/index.html,49,html,ed3d583d,dallasplunkett,2025-01-16,19:54:56,-08:00,2025-01-16T19:54:56-08:00,5,0
cv/index.html,50,html,39933b3e,dallasplunkett,2025-01-30,16:31:17,-08:00,2025-01-30T16:31:17-08:00,6,69
cv/index.html,51,html,ed3d583d,dallasplunkett,2025-01-16,19:54:56,-08:00,2025-01-16T19:54:56-08:00,6,24
cv/index.html,52,html,39933b3e,dallasplunkett,2025-01-30,16:31:17,-08:00,2025-01-30T16:31:17-08:00,6,45
cv/index.html,53,html,39933b3e,dallasplunkett,2025-01-30,16:31:17,-08:00,2025-01-30T16:31:17-08:00,6,37
cv/index.html,54,html,ed3d583d,dallasplunkett,2025-01-16,19:54:56,-08:00,2025-01-16T19:54:56-08:00,5,1
cv/index.html,55,html,ed3d583d,dallasplunkett,2025-01-16,19:54:56,-08:00,2025-01-16T19:54:56-08:00,4,6
cv/index.html,56,html,ed3d583d,dallasplunkett,2025-01-16,19:54:56,-08:00,2025-01-16T19:54:56-08:00,3,2
cv/index.html,57,html,ed3d583d,dallasplunkett,2025-01-16,19:54:56,-08:00,2025-01-16T19:54:56-08:00,3,15
cv/index.html,58,html,ed3d583d,dallasplunkett,2025-01-16,19:54:56,-08:00,2025-01-16T19:54:56-08:00,4,24
cv/index.html,59,html,ed3d583d,dallasplunkett,2025-01-16,19:54:56,-08:00,2025-01-16T19:54:56-08:00,5,15
cv/index.html,60,html,ed3d583d,dallasplunkett,2025-01-16,19:54:56,-08:00,2025-01-16T19:54:56-08:00,5,5
cv/index.html,61,html,ed3d583d,dallasplunkett,2025-01-16,19:54:56,-08:00,2025-01-16T19:54:56-08:00,6,29
cv/index.html,62,html,ed3d583d,dallasplunkett,2025-01-16,19:54:56,-08:00,2025-01-16T19:54:56-08:00,6,0
cv/index.html,63,html,ed3d583d,dallasplunkett,2025-01-16,19:54:56,-08:00,2025-01-16T19:54:56-08:00,7,84
cv/index.html,64,html,ed3d583d,dallasplunkett,2025-01-16,19:54:56,-08:00,2025-01-16T19:54:56-08:00,7,6
cv/index.html,65,html,ed3d583d,dallasplunkett,2025-01-16,19:54:56,-08:00,2025-01-16T19:54:56-08:00,7,4
cv/index.html,66,html,ed3d583d,dallasplunkett,2025-01-16,19:54:56,-08:00,2025-01-16T19:54:56-08:00,7,77
cv/index.html,67,html,ed3d583d,dallasplunkett,2025-01-16,19:54:56,-08:00,2025-01-16T19:54:56-08:00,7,7
cv/index.html,68,html,ed3d583d,dallasplunkett,2025-01-16,19:54:56,-08:00,2025-01-16T19:54:56-08:00,7,5
cv/index.html,69,html,ed3d583d,dallasplunkett,2025-01-16,19:54:56,-08:00,2025-01-16T19:54:56-08:00,7,65
cv/index.html,70,html,ed3d583d,dallasplunkett,2025-01-16,19:54:56,-08:00,2025-01-16T19:54:56-08:00,6,0
cv/index.html,71,html,ed3d583d,dallasplunkett,2025-01-16,19:54:56,-08:00,2025-01-16T19:54:56-08:00,6,80
cv/index.html,72,html,ed3d583d,dallasplunkett,2025-01-16,19:54:56,-08:00,2025-01-16T19:54:56-08:00,8,12
cv/index.html,73,html,ed3d583d,dallasplunkett,2025-01-16,19:54:56,-08:00,2025-01-16T19:54:56-08:00,5,6
cv/index.html,74,html,ed3d583d,dallasplunkett,2025-01-16,19:54:56,-08:00,2025-01-16T19:54:56-08:00,5,5
cv/index.html,75,html,ed3d583d,dallasplunkett,2025-01-16,19:54:56,-08:00,2025-01-16T19:54:56-08:00,6,28
cv/index.html,76,html,ed3d583d,dallasplunkett,2025-01-16,19:54:56,-08:00,2025-01-16T19:54:56-08:00,6,0
cv/index.html,77,html,ed3d583d,dallasplunkett,2025-01-16,19:54:56,-08:00,2025-01-16T19:54:56-08:00,7,84
cv/index.html,78,html,ed3d583d,dallasplunkett,2025-01-16,19:54:56,-08:00,2025-01-16T19:54:56-08:00,7,6
cv/index.html,79,html,ed3d583d,dallasplunkett,2025-01-16,19:54:56,-08:00,2025-01-16T19:54:56-08:00,7,81
cv/index.html,80,html,ed3d583d,dallasplunkett,2025-01-16,19:54:56,-08:00,2025-01-16T19:54:56-08:00,7,4
cv/index.html,81,html,ed3d583d,dallasplunkett,2025-01-16,19:54:56,-08:00,2025-01-16T19:54:56-08:00,7,0
cv/index.html,82,html,ed3d583d,dallasplunkett,2025-01-16,19:54:56,-08:00,2025-01-16T19:54:56-08:00,7,1
cv/index.html,83,html,ed3d583d,dallasplunkett,2025-01-16,19:54:56,-08:00,2025-01-16T19:54:56-08:00,7,23
cv/index.html,84,html,ed3d583d,dallasplunkett,2025-01-16,19:54:56,-08:00,2025-01-16T19:54:56-08:00,7,48
cv/index.html,85,html,ed3d583d,dallasplunkett,2025-01-16,19:54:56,-08:00,2025-01-16T19:54:56-08:00,6,0
cv/index.html,86,html,ed3d583d,dallasplunkett,2025-01-16,19:54:56,-08:00,2025-01-16T19:54:56-08:00,6,80
cv/index.html,87,html,ed3d583d,dallasplunkett,2025-01-16,19:54:56,-08:00,2025-01-16T19:54:56-08:00,8,12
cv/index.html,88,html,ed3d583d,dallasplunkett,2025-01-16,19:54:56,-08:00,2025-01-16T19:54:56-08:00,5,6
cv/index.html,89,html,ed3d583d,dallasplunkett,2025-01-16,19:54:56,-08:00,2025-01-16T19:54:56-08:00,4,6
cv/index.html,90,html,ed3d583d,dallasplunkett,2025-01-16,19:54:56,-08:00,2025-01-16T19:54:56-08:00,4,21
cv/index.html,91,html,ed3d583d,dallasplunkett,2025-01-16,19:54:56,-08:00,2025-01-16T19:54:56-08:00,5,12
cv/index.html,92,html,ed3d583d,dallasplunkett,2025-01-16,19:54:56,-08:00,2025-01-16T19:54:56-08:00,5,10
cv/index.html,93,html,ed3d583d,dallasplunkett,2025-01-16,19:54:56,-08:00,2025-01-16T19:54:56-08:00,5,63
cv/index.html,94,html,ed3d583d,dallasplunkett,2025-01-16,19:54:56,-08:00,2025-01-16T19:54:56-08:00,5,12
cv/index.html,95,html,ed3d583d,dallasplunkett,2025-01-16,19:54:56,-08:00,2025-01-16T19:54:56-08:00,5,68
cv/index.html,96,html,ed3d583d,dallasplunkett,2025-01-16,19:54:56,-08:00,2025-01-16T19:54:56-08:00,5,0
cv/index.html,97,html,ed3d583d,dallasplunkett,2025-01-16,19:54:56,-08:00,2025-01-16T19:54:56-08:00,4,6
cv/index.html,98,html,ed3d583d,dallasplunkett,2025-01-16,19:54:56,-08:00,2025-01-16T19:54:56-08:00,3,2
cv/index.html,99,html,ed3d583d,dallasplunkett,2025-01-16,19:54:56,-08:00,2025-01-16T19:54:56-08:00,2,2
cv/index.html,100,html,66337f75,dallasplunkett,2025-01-15,22:25:13,-08:00,2025-01-15T22:25:13-08:00,1,2
cv/index.html,101,html,23dc5d8c,dallasplunkett,2025-01-10,11:56:23,-08:00,2025-01-10T11:56:23-08:00,0,3
cv/index.html,102,html,23dc5d8c,dallasplunkett,2025-01-10,11:56:23,-08:00,2025-01-10T11:56:23-08:00,0,0
cv/index.html,103,html,23dc5d8c,dallasplunkett,2025-01-10,11:56:23,-08:00,2025-01-10T11:56:23-08:00,0,3
contact/index.html,1,html,fdf930dd,dallasplunkett,2025-01-10,10:46:49,-08:00,2025-01-10T10:46:49-08:00,0,11
contact/index.html,2,html,fdf930dd,dallasplunkett,2025-01-10,10:46:49,-08:00,2025-01-10T10:46:49-08:00,0,12
contact/index.html,3,html,fdf930dd,dallasplunkett,2025-01-10,10:46:49,-08:00,2025-01-10T10:46:49-08:00,0,0
contact/index.html,4,html,fdf930dd,dallasplunkett,2025-01-10,10:46:49,-08:00,2025-01-10T10:46:49-08:00,0,2
contact/index.html,5,html,fdf930dd,dallasplunkett,2025-01-10,10:46:49,-08:00,2025-01-10T10:46:49-08:00,1,18
contact/index.html,6,html,fdf930dd,dallasplunkett,2025-01-10,10:46:49,-08:00,2025-01-10T10:46:49-08:00,1,66
contact/index.html,7,html,fdf930dd,dallasplunkett,2025-01-10,10:46:49,-08:00,2025-01-10T10:46:49-08:00,1,18
contact/index.html,8,html,fdf930dd,dallasplunkett,2025-01-10,10:46:49,-08:00,2025-01-10T10:46:49-08:00,1,39
contact/index.html,9,html,114fd19b,dallasplunkett,2025-01-22,09:32:52,-08:00,2025-01-22T09:32:52-08:00,1,46
contact/index.html,10,html,fdf930dd,dallasplunkett,2025-01-10,10:46:49,-08:00,2025-01-10T10:46:49-08:00,0,3
contact/index.html,11,html,fdf930dd,dallasplunkett,2025-01-10,10:46:49,-08:00,2025-01-10T10:46:49-08:00,0,0
contact/index.html,12,html,fdf930dd,dallasplunkett,2025-01-10,10:46:49,-08:00,2025-01-10T10:46:49-08:00,0,2
contact/index.html,13,html,66337f75,dallasplunkett,2025-01-15,22:25:13,-08:00,2025-01-15T22:25:13-08:00,1,19
contact/index.html,14,html,66337f75,dallasplunkett,2025-01-15,22:25:13,-08:00,2025-01-15T22:25:13-08:00,2,12
contact/index.html,15,html,33ec6adc,dallasplunkett,2025-01-22,12:45:01,-08:00,2025-01-22T12:45:01-08:00,2,51
contact/index.html,16,html,66337f75,dallasplunkett,2025-01-15,22:25:13,-08:00,2025-01-15T22:25:13-08:00,3,56
contact/index.html,17,html,66337f75,dallasplunkett,2025-01-15,22:25:13,-08:00,2025-01-15T22:25:13-08:00,3,64
contact/index.html,18,html,66337f75,dallasplunkett,2025-01-15,22:25:13,-08:00,2025-01-15T22:25:13-08:00,3,31
contact/index.html,19,html,66337f75,dallasplunkett,2025-01-15,22:25:13,-08:00,2025-01-15T22:25:13-08:00,2,3
contact/index.html,20,html,66337f75,dallasplunkett,2025-01-15,22:25:13,-08:00,2025-01-15T22:25:13-08:00,1,2
contact/index.html,21,html,fdf930dd,dallasplunkett,2025-01-10,10:46:49,-08:00,2025-01-10T10:46:49-08:00,0,3
contact/index.html,22,html,fdf930dd,dallasplunkett,2025-01-10,10:46:49,-08:00,2025-01-10T10:46:49-08:00,0,0
contact/index.html,23,html,fdf930dd,dallasplunkett,2025-01-10,10:46:49,-08:00,2025-01-10T10:46:49-08:00,0,3
